"","species","pop_cat","ohi_present","group","n_cat"
"1","Bathysolea polli","LC","Y",NA,NA
"2","Laemonema robustum","DD","Y",NA,NA
"3","Gobius roulei","LC","Y",NA,NA
"4","Gymnelus hemifasciatus",NA,"Y","Fishes","NE"
"5","Lycenchelys alba",NA,"Y",NA,NA
"6","Lycodes adolfi",NA,"Y","Fishes","LC"
"7","Lycodes raridens",NA,"Y",NA,NA
"8","Lycodes luetkenii",NA,"Y","Fishes","LC"
"9","Lasiognathus beebei",NA,"Y",NA,NA
"10","Astronesthes atlanticus","LC","Y",NA,NA
"11","Eumicrotremus andriashevi",NA,"Y",NA,NA
"12","Liparis bristolensis",NA,"Y",NA,NA
"13","Maurolicus weitzmani","LC","Y",NA,NA
"14","Rhynchactis macrothrix","DD","Y",NA,NA
"15","Gadomus dispar",NA,"Y",NA,NA
"16","Limanda limanda","LC","Y","Fishes","LC"
"17","Pseudomyrophis nimius","LC","Y",NA,NA
"18","Rajella fyllae","LC","Y","Fishes","LC"
"19","Dipturus batis","CR","Y","Fishes","CR"
"20","Dipturus oxyrinchus","NT","Y","Fishes","LC"
"21","Amblyraja hyperborea","LC","Y","Fishes","LC"
"22","Amblyraja radiata","VU","Y","Fishes","LC"
"23","Amblyraja jenseni","LC","Y",NA,NA
"24","Rajella kukujevi","LC","Y",NA,NA
"25","Lamprogrammus shcherbachevi","DD","Y",NA,NA
"26","Dipturus nidarosiensis","NT","Y","Fishes","DD"
"27","Rajella ravidula","LC","Y",NA,NA
"28","Leucoraja fullonica","VU","Y","Fishes","DD"
"29","Rajella barnardi","LC","Y",NA,NA
"30","Guttigadus latifrons",NA,"Y",NA,NA
"31","Serrivomer lanceolatoides","LC","Y",NA,NA
"32","Lagocephalus lagocephalus","LC","Y",NA,NA
"33","Arctozenus risso","LC","Y","Fishes","NE"
"34","Luciobrotula nolfi","LC","Y",NA,NA
"35","Dolopichthys allector","LC","Y",NA,NA
"36","Himantolophus compressus","DD","Y",NA,NA
"37","Phyllorhinichthys micractis","LC","Y",NA,NA
"38","Polymetme thaeocoryla","LC","Y",NA,NA
"39","Lycodes terraenovae",NA,"Y",NA,NA
"40","Melanolagus bericoides","LC","Y",NA,NA
"41","Notoscopelus kroyeri",NA,"Y","Fishes",NA
"42","Normichthys operosus","LC","Y",NA,NA
"43","Dibranchus tremendus","LC","Y",NA,NA
"44","Lycodes paamiuti","LC","Y","Fishes","LC"
"45","Caulophryne pelagica","DD","Y",NA,NA
"46","Himantolophus melanolophus",NA,"Y",NA,NA
"47","Stichaeus punctatus punctatus",NA,"Y",NA,NA
"48","Psednos gelatinosus",NA,"Y",NA,NA
"49","Psednos micruroides",NA,"Y",NA,NA
"50","Paraliparis copei copei","DD","Y",NA,NA
"51","Bufoceratias wedli","LC","Y",NA,NA
"52","Chlorophthalmus atlanticus","LC","Y",NA,NA
"53","Himantolophus crinitus","LC","Y",NA,NA
"54","Physiculus microbarbata","DD","Y",NA,NA
"55","Maurolicus amethystinopunctatus","LC","Y",NA,NA
"56","Sebastes norvegicus",NA,"Y","Fishes","EN"
"57","Platytroctes mirus",NA,"Y",NA,NA
"58","Eleginus nawaga",NA,"Y",NA,NA
"59","Lycodes marisalbi",NA,"Y",NA,NA
"60","Bathyraja spinicauda","NT","Y","Fishes","LC"
"61","Clupea pallasii pallasii",NA,"Y",NA,NA
"62","Salvelinus alpinus alpinus","LC","Y",NA,NA
"63","Phyllorhinichthys balushkini","LC","Y",NA,NA
"64","Apristurus melanoasper","DD","Y",NA,NA
"65","Careproctus longipinnis",NA,"Y",NA,NA
"66","Coelorinchus caudani",NA,"Y",NA,NA
"67","Neoraja iberica","LC","Y",NA,NA
"68","Sigmops bathyphilus","LC","Y",NA,NA
"69","Pseudoscopelus cordilluminatus",NA,"Y",NA,NA
"70","Rajella lintea","LC","Y","Fishes","LC"
"71","Liparis bathyarcticus",NA,"Y","Fishes","LC"
"72","Limanda proboscidea",NA,"Y",NA,NA
"73","Salmo trutta","LC","Y","Fishes","LC"
"74","Agonus cataphractus","LC","Y","Fishes","LC"
"75","Anguilla anguilla","CR","Y","Fishes","VU"
"76","Aphia minuta",NA,"Y","Fishes","LC"
"77","Arnoglossus laterna","LC","Y","Fishes","LC"
"78","Belone belone","LC","Y","Fishes","LC"
"79","Benthosema glaciale","LC","Y","Fishes","LC"
"80","Glyptocephalus cynoglossus",NA,"Y","Fishes","LC"
"81","Lepidorhombus whiffiagonis",NA,"Y","Fishes","LC"
"82","Merlangius merlangus","LC","Y","Fishes","LC"
"83","Merluccius merluccius",NA,"Y","Fishes","LC"
"84","Micromesistius poutassou",NA,"Y",NA,NA
"85","Molva molva",NA,"Y","Fishes","LC"
"86","Pollachius pollachius","LC","Y","Fishes","LC"
"87","Acanthocybium solandri","LC","Y",NA,NA
"88","Brosme brosme",NA,"Y","Fishes","LC"
"89","Buenia jeffreysii","LC","Y","Fishes","LC"
"90","Buglossidium luteum","LC","Y","Fishes",NA
"91","Capros aper","LC","Y","Fishes",NA
"92","Centrolabrus exoletus","LC","Y","Fishes","LC"
"93","Cepola macrophthalma","LC","Y",NA,NA
"94","Cetorhinus maximus","VU","Y","Fishes","EN"
"95","Chirolophis ascanii",NA,"Y","Fishes","LC"
"96","Coris julis","LC","Y",NA,NA
"97","Crystallogobius linearis","LC","Y","Fishes","LC"
"98","Ctenolabrus rupestris","LC","Y","Fishes","LC"
"99","Dicentrarchus labrax","LC","Y","Fishes","LC"
"100","Engraulis encrasicolus","LC","Y","Fishes",NA
"101","Entelurus aequoreus","LC","Y","Fishes","LC"
"102","Eutrigla gurnardus",NA,"Y","Fishes","LC"
"103","Gobiusculus flavescens","LC","Y","Fishes","LC"
"104","Gymnammodytes semisquamatus","LC","Y","Fishes","DD"
"105","Diplecogaster bimaculata","LC","Y","Fishes","LC"
"106","Helicolenus dactylopterus","LC","Y","Fishes","LC"
"107","Lamna nasus","VU","Y","Fishes","VU<U+00A7>"
"108","Symphodus melops","LC","Y","Fishes","LC"
"109","Alosa alosa","LC","Y",NA,NA
"110","Katsuwonus pelamis","LC","Y",NA,NA
"111","Sarda sarda","LC","Y","Fishes",NA
"112","Somniosus microcephalus","NT","Y","Fishes","DD"
"113","Boops boops","LC","Y","Fishes",NA
"114","Boreogadus saida",NA,"Y","Fishes","NT"
"115","Brama brama","LC","Y","Fishes",NA
"116","Centrolophus niger","LC","Y","Fishes",NA
"117","Conger conger","LC","Y","Fishes",NA
"118","Macroramphosus scolopax","LC","Y","Fishes",NA
"119","Mallotus villosus",NA,"Y","Fishes","LC"
"120","Osmerus mordax","LC","Y",NA,NA
"121","Polyprion americanus","DD","Y","Fishes",NA
"122","Urophycis tenuis",NA,"Y",NA,NA
"123","Apristurus laurussonii","DD","Y",NA,NA
"124","Apristurus microps","LC","Y",NA,NA
"125","Argyrosomus regius","LC","Y","Fishes",NA
"126","Centroscymnus crepidater","LC","Y",NA,NA
"127","Centrophorus squamosus","VU","Y",NA,NA
"128","Centroscyllium fabricii","LC","Y",NA,NA
"129","Ceratoscopelus maderensis","LC","Y",NA,NA
"130","Dalatias licha","NT","Y","Fishes",NA
"131","Deania calcea","LC","Y","Fishes",NA
"132","Echinorhinus brucus","DD","Y",NA,NA
"133","Etmopterus spinax","LC","Y","Fishes","LC"
"134","Galeocerdo cuvier","NT","Y",NA,NA
"135","Galeus murinus","LC","Y",NA,NA
"136","Hexanchus griseus","NT","Y","Fishes",NA
"137","Lampanyctus crocodilus","LC","Y",NA,NA
"138","Lebetus scorpioides","LC","Y","Fishes","LC"
"139","Lepidopus caudatus","DD","Y","Fishes",NA
"140","Maurolicus muelleri",NA,"Y","Fishes","LC"
"141","Naucrates ductor","LC","Y","Fishes",NA
"142","Oxynotus centrina","VU","Y",NA,NA
"143","Pagellus bogaraveo","NT","Y","Fishes",NA
"144","Prionace glauca","NT","Y","Fishes",NA
"145","Reinhardtius hippoglossoides",NA,"Y","Fishes","LC"
"146","Scophthalmus rhombus",NA,"Y","Fishes","LC"
"147","Scyliorhinus canicula","LC","Y","Fishes","LC"
"148","Scyliorhinus stellaris","NT","Y","Fishes",NA
"149","Solea solea","DD","Y","Fishes","LC"
"150","Squatina squatina","CR","Y","Fishes",NA
"151","Trisopterus minutus","LC","Y","Fishes","LC"
"152","Zoarces viviparus",NA,"Y","Fishes","LC"
"153","Arctogadus glacialis",NA,"Y","Fishes","LC"
"154","Ciliata mustela","LC","Y","Fishes","LC"
"155","Ciliata septentrionalis","LC","Y","Fishes","LC"
"156","Cubiceps gracilis","LC","Y",NA,NA
"157","Cyclothone microdon","LC","Y",NA,NA
"158","Diaphus rafinesquii","LC","Y","Fishes",NA
"159","Enchelyopus cimbrius","LC","Y","Fishes","LC"
"160","Gaidropsarus macrophthalmus","LC","Y",NA,NA
"161","Gaidropsarus mediterraneus",NA,"Y","Fishes","LC"
"162","Gaidropsarus vulgaris","LC","Y","Fishes","LC"
"163","Hippoglossus hippoglossus","EN","Y","Fishes","LC"
"164","Hyperoplus lanceolatus","LC","Y","Fishes","LC"
"165","Lampris guttatus","LC","Y","Fishes",NA
"166","Liparis liparis","LC","Y","Fishes","LC"
"167","Liparis montagui","LC","Y","Fishes","LC"
"168","Liza aurata","LC","Y","Fishes",NA
"169","Melanogrammus aeglefinus","VU","Y","Fishes","LC"
"170","Microstomus kitt",NA,"Y","Fishes","LC"
"171","Mola mola","VU","Y","Fishes",NA
"172","Molva dypterygia","LC","Y","Fishes","EN"
"173","Mora moro","LC","Y","Fishes",NA
"174","Myoxocephalus scorpius",NA,"Y","Fishes","LC"
"175","Nansenia groenlandica",NA,"Y","Fishes",NA
"176","Nerophis ophidion","LC","Y","Fishes","LC"
"177","Phycis blennoides",NA,"Y","Fishes","LC"
"178","Platichthys flesus","LC","Y","Fishes","LC"
"179","Pollachius virens",NA,"Y","Fishes","LC"
"180","Pomatoschistus microps","LC","Y","Fishes","LC"
"181","Pomatoschistus minutus","LC","Y","Fishes","LC"
"182","Pomatoschistus norvegicus","LC","Y","Fishes","LC"
"183","Pomatoschistus pictus","LC","Y","Fishes","LC"
"184","Raniceps raninus","LC","Y","Fishes","LC"
"185","Ranzania laevis","LC","Y",NA,NA
"186","Sardina pilchardus","LC","Y","Fishes",NA
"187","Spinachia spinachia","LC","Y","Fishes","LC"
"188","Spondyliosoma cantharus","LC","Y","Fishes",NA
"189","Sprattus sprattus",NA,"Y","Fishes","NT"
"190","Stomias boa boa",NA,"Y",NA,NA
"191","Taurulus bubalis","LC","Y","Fishes","LC"
"192","Trachinotus ovatus","LC","Y","Fishes",NA
"193","Trachurus trachurus","VU","Y","Fishes","LC"
"194","Trisopterus esmarkii","LC","Y","Fishes","LC"
"195","Trisopterus luscus",NA,"Y","Fishes",NA
"196","Zeugopterus punctatus",NA,"Y","Fishes","LC"
"197","Zu cristatus","LC","Y",NA,NA
"198","Alopias vulpinus","VU","Y","Fishes",NA
"199","Anoplogaster cornuta","LC","Y",NA,NA
"200","Antimora rostrata","LC","Y",NA,NA
"201","Argentina silus",NA,"Y","Fishes","LC"
"202","Chelon labrosus","LC","Y","Fishes",NA
"203","Epigonus telescopus","LC","Y","Fishes",NA
"204","Lepidion eques","DD","Y",NA,NA
"205","Phrynorhombus norvegicus","LC","Y","Fishes","LC"
"206","Acantholumpenus mackayi",NA,"Y",NA,NA
"207","Leptagonus decagonus",NA,"Y","Fishes","LC"
"208","Artediellus uncinatus",NA,"Y",NA,NA
"209","Enophrys diceraus",NA,"Y",NA,NA
"210","Eumesogrammus praecisus",NA,"Y",NA,NA
"211","Eumicrotremus spinosus",NA,"Y","Fishes","LC"
"212","Gymnocanthus tricuspis",NA,"Y","Fishes","LC"
"213","Hippoglossoides platessoides",NA,"Y","Fishes","LC"
"214","Icelus bicornis",NA,"Y","Fishes","LC"
"215","Liopsetta glacialis","LC","Y",NA,NA
"216","Lumpenus fabricii",NA,"Y","Fishes",NA
"217","Anisarchus medius",NA,"Y","Fishes","LC"
"218","Lycodes polaris",NA,"Y",NA,NA
"219","Megalocottus platycephalus",NA,"Y",NA,NA
"220","Hemilepidotus papilio","LC","Y",NA,NA
"221","Stephanolepis hispidus","LC","Y",NA,NA
"222","Myoxocephalus quadricornis","LC","Y",NA,NA
"223","Myoxocephalus scorpioides",NA,"Y",NA,NA
"224","Pholis gunnellus",NA,"Y","Fishes","LC"
"225","Pungitius pungitius","LC","Y","Fishes","LC"
"226","Remora brachyptera","LC","Y",NA,NA
"227","Scartella cristata","LC","Y",NA,NA
"228","Trachipterus arcticus",NA,"Y","Fishes",NA
"229","Lampetra fluviatilis","LC","Y","Fishes","LC"
"230","Hygophum reinhardtii","LC","Y",NA,NA
"231","Galeorhinus galeus","VU","Y","Fishes",NA
"232","Citharus linguatula","LC","Y",NA,NA
"233","Malacocephalus laevis","LC","Y","Fishes",NA
"234","Nezumia aequalis","LC","Y",NA,NA
"235","Polymetme corythaeola",NA,"Y",NA,NA
"236","Xenodermichthys copei","LC","Y",NA,NA
"237","Borostomias antarcticus","LC","Y",NA,NA
"238","Poromitra crassiceps","LC","Y",NA,NA
"239","Coryphaenoides armatus","LC","Y",NA,NA
"240","Alosa fallax","LC","Y",NA,NA
"241","Polyacanthonotus challengeri","LC","Y",NA,NA
"242","Histiobranchus bathybius","DD","Y",NA,NA
"243","Rouleina attrita","LC","Y",NA,NA
"244","Aldrovandia affinis","LC","Y",NA,NA
"245","Trachonurus villosus",NA,"Y",NA,NA
"246","Nerophis lumbriciformis","LC","Y","Fishes","LC"
"247","Acantholabrus palloni","LC","Y","Fishes","LC"
"248","Lesueurigobius friesii","LC","Y","Fishes","LC"
"249","Coryphaenoides guentheri","LC","Y",NA,NA
"250","Gaidropsarus argentatus",NA,"Y","Fishes","LC"
"251","Benthodesmus simonyi",NA,"Y","Fishes",NA
"252","Lamprogrammus brunswigi","LC","Y",NA,NA
"253","Benthocometes robustus","LC","Y",NA,NA
"254","Penopus microphthalmus","LC","Y",NA,NA
"255","Cataetyx bruuni","LC","Y",NA,NA
"256","Hydrolagus mirabilis","NT","Y",NA,NA
"257","Aldrovandia phalacra","LC","Y",NA,NA
"258","Gymnothorax maderensis","LC","Y",NA,NA
"259","Diretmoides pauciradiatus","LC","Y",NA,NA
"260","Scopelogadus beanii","DD","Y",NA,NA
"261","Venefica proboscidea","LC","Y",NA,NA
"262","Nessorhamphus ingolfianus","LC","Y",NA,NA
"263","Dysomma brevirostre","LC","Y",NA,NA
"264","Saccopharynx ampullaceus","LC","Y",NA,NA
"265","Scopelosaurus lepidus","LC","Y",NA,NA
"266","Symphodus bailloni","LC","Y",NA,NA
"267","Lipophrys pholis","LC","Y","Fishes","LC"
"268","Bajacalifornia megalops","LC","Y",NA,NA
"269","Herwigia kreffti","LC","Y",NA,NA
"270","Barbantus curvifrons","LC","Y",NA,NA
"271","Holtbyrnia innesi","LC","Y",NA,NA
"272","Sagamichthys schnakenbecki","LC","Y",NA,NA
"273","Valenciennellus tripunctulatus","LC","Y",NA,NA
"274","Rhadinesthes decimus","LC","Y",NA,NA
"275","Alepisaurus ferox","LC","Y",NA,NA
"276","Alepocephalus bairdii","DD","Y",NA,NA
"277","Ammodytes marinus",NA,"Y","Fishes","LC"
"278","Ammodytes tobianus","DD","Y","Fishes","LC"
"279","Aphanopus carbo",NA,"Y","Fishes",NA
"280","Argentina sphyraena",NA,"Y","Fishes","LC"
"281","Callionymus lyra","LC","Y","Fishes","LC"
"282","Centroscymnus coelolepis","NT","Y",NA,NA
"283","Chlamydoselachus anguineus","NT","Y","Fishes",NA
"284","Clupea harengus","LC","Y","Fishes","LC"
"285","Coryphaenoides rupestris","CR","Y","Fishes","LC"
"286","Cyclopterus lumpus",NA,"Y","Fishes","LC"
"287","Etmopterus princeps","DD","Y",NA,NA
"288","Gadus morhua","VU","Y","Fishes","LC"
"289","Gadus ogac",NA,"Y",NA,NA
"290","Galeus melastomus","LC","Y","Fishes","LC"
"291","Hoplostethus atlanticus",NA,"Y",NA,NA
"292","Labrus bergylta","LC","Y","Fishes","LC"
"293","Lophius piscatorius","LC","Y","Fishes","LC"
"294","Macrourus berglax",NA,"Y","Fishes","LC"
"295","Mugil cephalus","LC","Y",NA,NA
"296","Salmo salar","LC","Y","Fishes","LC"
"297","Scomber scombrus","LC","Y","Fishes","LC"
"298","Sebastes mentella","LC","Y","Fishes","LC"
"299","Squalus acanthias","VU","Y","Fishes","EN"
"300","Xiphias gladius","LC","Y","Fishes",NA
"301","Acipenser sturio","CR","Y",NA,NA
"302","Alepisaurus brevirostris","LC","Y",NA,NA
"303","Ammodytes dubius",NA,"Y",NA,NA
"304","Anarhichas denticulatus",NA,"Y","Fishes","NT"
"305","Anarhichas lupus",NA,"Y","Fishes","LC"
"306","Anarhichas minor",NA,"Y","Fishes","LC"
"307","Anotopterus pharao","LC","Y",NA,NA
"308","Beryx decadactylus","LC","Y","Fishes",NA
"309","Callionymus maculatus","LC","Y","Fishes","LC"
"310","Chauliodus sloani","LC","Y","Fishes",NA
"311","Chimaera monstrosa","NT","Y","Fishes","LC"
"312","Coregonus sardinella","LC","Y",NA,NA
"313","Cryptopsaras couesii","LC","Y","Fishes",NA
"314","Cyclothone braueri","LC","Y",NA,NA
"315","Epigonus denticulatus","LC","Y",NA,NA
"316","Euleptorhamphus velox","LC","Y",NA,NA
"317","Gadiculus argenteus",NA,"Y","Fishes","LC"
"318","Gasterosteus aculeatus","LC","Y","Fishes","LC"
"319","Halargyreus johnsonii",NA,"Y",NA,NA
"320","Himantolophus groenlandicus","LC","Y",NA,NA
"321","Lycodes jugoricus","LC","Y",NA,NA
"322","Lycodes palearis",NA,"Y",NA,NA
"323","Lycodes pallidus",NA,"Y","Fishes","LC"
"324","Lycodes reticulatus",NA,"Y","Fishes","LC"
"325","Lycodes rossi",NA,"Y","Fishes","LC"
"326","Lycodes sagittarius",NA,"Y",NA,NA
"327","Lycodes turneri",NA,"Y",NA,NA
"328","Melanostigma atlanticum","LC","Y",NA,NA
"329","Mullus surmuletus","LC","Y","Fishes",NA
"330","Myctophum punctatum","LC","Y","Fishes",NA
"331","Myxine glutinosa","LC","Y","Fishes","LC"
"332","Notacanthus chemnitzii","LC","Y","Fishes",NA
"333","Paralepis coregonoides",NA,"Y","Fishes",NA
"334","Petromyzon marinus","LC","Y","Fishes","NT"
"335","Pleuronectes platessa","LC","Y","Fishes","LC"
"336","Pseudotriakis microdon","LC","Y",NA,NA
"337","Pterycombus brama","LC","Y","Fishes",NA
"338","Raja clavata","NT","Y","Fishes","LC"
"339","Regalecus glesne","LC","Y","Fishes",NA
"340","Schedophilus medusophagus",NA,"Y","Fishes",NA
"341","Sebastes fasciatus","EN","Y",NA,NA
"342","Sebastes viviparus",NA,"Y","Fishes","LC"
"343","Syngnathus acus","LC","Y","Fishes","LC"
"344","Syngnathus rostellatus","LC","Y","Fishes","LC"
"345","Syngnathus typhle","LC","Y","Fishes","LC"
"346","Taractes asper",NA,"Y","Fishes",NA
"347","Tetragonurus cuvieri","LC","Y",NA,NA
"348","Trachinus draco","LC","Y","Fishes","LC"
"349","Uroconger syringinus","LC","Y",NA,NA
"350","Zeus faber","DD","Y","Fishes",NA
"351","Artediellus atlanticus",NA,"Y","Fishes","LC"
"352","Artediellus scaber",NA,"Y",NA,NA
"353","Aspidophoroides olrikii",NA,"Y","Fishes",NA
"354","Eumicrotremus derjugini",NA,"Y","Fishes","LC"
"355","Hippoglossoides robustus",NA,"Y",NA,NA
"356","Icelus spatula",NA,"Y","Fishes","NE"
"357","Liparis gibbus",NA,"Y",NA,NA
"358","Liparis tunicatus",NA,"Y","Fishes","LC"
"359","Triglops murrayi",NA,"Y","Fishes","LC"
"360","Triglops nybelini",NA,"Y","Fishes","LC"
"361","Rondeletia loricata","LC","Y",NA,NA
"362","Barbourisia rufa","LC","Y",NA,NA
"363","Raja montagui","LC","Y","Fishes",NA
"364","Eurypharynx pelecanoides","LC","Y",NA,NA
"365","Ceratias holboelli","LC","Y",NA,NA
"366","Dibranchus atlanticus","LC","Y",NA,NA
"367","Diretmus argenteus","LC","Y",NA,NA
"368","Hoplostethus mediterraneus","LC","Y",NA,NA
"369","Trachinus radiatus","LC","Y",NA,NA
"370","Harriotta raleighana","LC","Y",NA,NA
"371","Alepocephalus rostratus","LC","Y",NA,NA
"372","Searsia koefoedi","LC","Y",NA,NA
"373","Ectreposebastes imus","LC","Y",NA,NA
"374","Cyclothone acclinidens","LC","Y",NA,NA
"375","Mustelus asterias","LC","Y","Fishes",NA
"376","Scophthalmus maximus",NA,"Y","Fishes","LC"
"377","Labrus mixtus","LC","Y","Fishes","LC"
"378","Cyclothone pallida","LC","Y",NA,NA
"379","Cyclothone pseudopallida","LC","Y",NA,NA
"380","Trigonolampa miriceps","LC","Y",NA,NA
"381","Lampanyctus intricarius","LC","Y",NA,NA
"382","Derichthys serpentinus","LC","Y",NA,NA
"383","Nesiarchus nasutus","LC","Y","Fishes",NA
"384","Bathygadus favosus","LC","Y",NA,NA
"385","Myxine ios","LC","Y",NA,NA
"386","Brotulotaenia crassa",NA,"Y",NA,NA
"387","Chelidonichthys lucerna","LC","Y","Fishes","LC"
"388","Lamprogrammus niger","LC","Y",NA,NA
"389","Luciobrotula corethromycter","LC","Y",NA,NA
"390","Xyelacyba myersi",NA,"Y",NA,NA
"391","Thalassobathia pelagica","LC","Y",NA,NA
"392","Rhinochimaera atlantica","LC","Y",NA,NA
"393","Aphyonus gelatinosus","LC","Y",NA,NA
"394","Halosaurus guentheri","LC","Y",NA,NA
"395","Cetomimus gillii","DD","Y",NA,NA
"396","Cetomimus hempeli","DD","Y",NA,NA
"397","Melamphaes longivelis","DD","Y",NA,NA
"398","Synaphobranchus kaupii","LC","Y",NA,NA
"399","Cyema atrum","LC","Y",NA,NA
"400","Luciosudis normani","LC","Y",NA,NA
"401","Alepocephalus agassizii","LC","Y",NA,NA
"402","Cottunculus microps",NA,"Y","Fishes","LC"
"403","Asquamiceps velaris",NA,"Y",NA,NA
"404","Maulisia mauli","LC","Y",NA,NA
"405","Malacosteus niger","LC","Y",NA,NA
"406","Polyipnus polli","LC","Y",NA,NA
"407","Odontomacrurus murrayi","LC","Y",NA,NA
"408","Diceratias pileatus","LC","Y",NA,NA
"409","Cataetyx laticeps","LC","Y",NA,NA
"410","Gadiculus thori",NA,"Y",NA,NA
"411","Photostylus pycnopterus","LC","Y",NA,NA
"412","Holtbyrnia anomala","LC","Y",NA,NA
"413","Holtbyrnia macrops","LC","Y",NA,NA
"414","Platytroctes apus","LC","Y",NA,NA
"415","Argyropelecus lychnus",NA,"Y",NA,NA
"416","Astronesthes gemmifer","DD","Y",NA,NA
"417","Eustomias dendriticus",NA,"Y",NA,NA
"418","Melanostomias niger",NA,"Y",NA,NA
"419","Howella brodiei","LC","Y","Fishes",NA
"420","Bathylagus euryops",NA,"Y",NA,NA
"421","Bathysaurus ferox","LC","Y",NA,NA
"422","Lycodes squamiventer",NA,"Y","Fishes","LC"
"423","Lycodes frigidus",NA,"Y","Fishes","LC"
"424","Lycenchelys kolthoffi",NA,"Y","Fishes","LC"
"425","Lycenchelys muraena",NA,"Y","Fishes","LC"
"426","Cottunculus sadko",NA,"Y",NA,NA
"427","Liparis fabricii",NA,"Y","Fishes","LC"
"428","Careproctus micropus",NA,"Y","Fishes","NE"
"429","Paraliparis bathybius",NA,"Y","Fishes","LC"
"430","Paraliparis hystrix","DD","Y",NA,NA
"431","Magnisudis atlantica","LC","Y",NA,NA
"432","Cottunculus thomsonii","LC","Y",NA,NA
"433","Gymnelus retrodorsalis",NA,"Y","Fishes","LC"
"434","Lycenchelys sarsii",NA,"Y","Fishes","LC"
"435","Lumpenus lampretaeformis",NA,"Y","Fishes","LC"
"436","Lycodes vahlii",NA,"Y",NA,NA
"437","Careproctus reinhardti",NA,"Y",NA,NA
"438","Polyacanthonotus rissoanus",NA,"Y",NA,NA
"439","Lampanyctus photonotus","LC","Y",NA,NA
"440","Coregonus autumnalis","LC","Y",NA,NA
"441","Macrouroides inflaticeps","LC","Y",NA,NA
"442","Hygophum taaningi","LC","Y",NA,NA
"443","Leptoclinus maculatus",NA,"Y","Fishes","LC"
"444","Lophodolos acanthognathus","LC","Y",NA,NA
"445","Lycodonus flagellicauda",NA,"Y","Fishes","LC"
"446","Parablennius ruber","LC","Y",NA,NA
"447","Thunnus thynnus","VU","Y","Fishes",NA
"448","Asquamiceps hjorti","LC","Y",NA,NA
"449","Bajacalifornia calcarata","LC","Y",NA,NA
"450","Mentodus rostratus","LC","Y",NA,NA
"451","Mentodus facilis","LC","Y",NA,NA
"452","Neonesthes microcephalus","LC","Y",NA,NA
"453","Macroparalepis affinis","LC","Y",NA,NA
"454","Odontostomops normalops","LC","Y",NA,NA
"455","Benthalbella infans","LC","Y",NA,NA
"456","Scopelarchus analis","LC","Y",NA,NA
"457","Diaphus diadematus","LC","Y",NA,NA
"458","Lampadena pontifex","LC","Y",NA,NA
"459","Lampadena speculigera","LC","Y",NA,NA
"460","Parabrotula plagiophthalma","LC","Y",NA,NA
"461","Porogadus miles","LC","Y",NA,NA
"462","Melamphaes simus","LC","Y",NA,NA
"463","Poromitra megalops","DD","Y",NA,NA
"464","Scopeloberyx opisthopterus","LC","Y",NA,NA
"465","Caulophryne polynema","LC","Y",NA,NA
"466","Himantolophus albinares","DD","Y",NA,NA
"467","Danaphryne nigrifilis",NA,"Y",NA,NA
"468","Dolopichthys danae","LC","Y",NA,NA
"469","Dolopichthys longicornis","LC","Y",NA,NA
"470","Kali macrodon","LC","Y",NA,NA
"471","Dolopichthys pullatus","DD","Y",NA,NA
"472","Lophodolos indicus","LC","Y",NA,NA
"473","Kali macrura","LC","Y",NA,NA
"474","Microlophichthys microlophus","LC","Y",NA,NA
"475","Oneirodes anisacanthus","DD","Y",NA,NA
"476","Oneirodes carlsbergi","LC","Y",NA,NA
"477","Oneirodes eschrichtii","LC","Y",NA,NA
"478","Oneirodes macrosteus","LC","Y",NA,NA
"479","Oneirodes myrionemus","DD","Y",NA,NA
"480","Spiniphryne gladisfenae","LC","Y",NA,NA
"481","Ceratias uranoscopus","LC","Y",NA,NA
"482","Gigantactis longicirra","LC","Y",NA,NA
"483","Gigantactis vanhoeffeni","DD","Y",NA,NA
"484","Rhynchactis leptonema",NA,"Y",NA,NA
"485","Haplophryne mollis","LC","Y",NA,NA
"486","Linophryne coronata",NA,"Y",NA,NA
"487","Linophryne pennibarbata","LC","Y",NA,NA
"488","Squalogadus modificatus","LC","Y",NA,NA
"489","Coryphaenoides carapinus",NA,"Y",NA,NA
"490","Cetonurus globiceps","LC","Y",NA,NA
"491","Melamphaes polylepis","DD","Y",NA,NA
"492","Osmerus dentex","LC","Y",NA,NA
"493","Cyclothone alba","LC","Y","Fishes",NA
"494","Coregonus lavaretus","VU","Y",NA,NA
"495","Lepidion schmidti",NA,"Y",NA,NA
"496","Hymenogadus gracilis","DD","Y",NA,NA
"497","Caulophryne jordani","LC","Y",NA,NA
"498","Lophotus capellei",NA,"Y",NA,NA
"499","Cyttopsis rosea","LC","Y",NA,NA
"500","Malacoraja spinacidermis","LC","Y",NA,NA
"501","Trigloporus lastoviza","LC","Y","Fishes",NA
"502","Lycodes eudipleurostictus",NA,"Y","Fishes","LC"
"503","Lycodes seminudus",NA,"Y","Fishes","LC"
"504","Lycodes esmarkii",NA,"Y","Fishes","LC"
"505","Scomberesox saurus","LC","Y","Fishes",NA
"506","Isurus oxyrinchus","VU","Y","Fishes",NA
"507","Sparus aurata","LC","Y",NA,NA
"508","Zameus squamulosus","DD","Y",NA,NA
"509","Bassozetus compressus","LC","Y",NA,NA
"510","Lycodes mucosus",NA,"Y",NA,NA
"511","Ebinania costaecanariae","LC","Y",NA,NA
"512","Echiodon drummondii",NA,"Y","Fishes","LC"
"513","Lycodes gracilis",NA,"Y","Fishes","LC"
"514","Micrenophrys lilljeborgii","LC","Y","Fishes","LC"
"515","Micrenophrys lilljeborgii","LC","Y","Fishes","LC"
"516","Triglops pingelii",NA,"Y","Fishes","LC"
"517","Hydrolagus pallidus","LC","Y",NA,NA
"518","Coryphaenoides brevibarbis",NA,"Y",NA,NA
"519","Trachyrincus murrayi",NA,"Y","Fishes",NA
"520","Bythites islandicus","DD","Y",NA,NA
"521","Linophryne algibarbata",NA,"Y",NA,NA
"522","Psychrolutes subspinosus",NA,"Y","Fishes","NE"
"523","Rhodichthys regina",NA,"Y","Fishes","LC"
"524","Protomyctophum arcticum",NA,"Y","Fishes",NA
"525","Neocyttus helgae",NA,"Y",NA,NA
"526","Lethenteron camtschaticum","LC","Y","Fishes","NT"
"527","Dicrolene introniger","LC","Y",NA,NA
"528","Argyropelecus olfersii",NA,"Y","Fishes",NA
"529","Anthopleura thallia",NA,"Y",NA,NA
"530","Protanthea simplex",NA,"Y","Anthozoa","NE"
"531","Alicia mirabilis",NA,"Y",NA,NA
"532","Edwardsia claparedii",NA,"Y","Anthozoa","NE"
"533","Diadumene cincta",NA,"Y","Anthozoa","NE"
"534","Cereus pedunculatus",NA,"Y",NA,NA
"535","Actinia equina",NA,"Y","Anthozoa","NE"
"536","Sagartiogeton undatus",NA,"Y","Anthozoa","NE"
"537","Actinauge richardi",NA,"Y","Anthozoa","NE"
"538","Sagartia elegans",NA,"Y","Anthozoa","NE"
"539","Metridium senile",NA,"Y","Anthozoa","NE"
"540","Aiptasia mutabilis",NA,"Y",NA,NA
"541","Sagartia troglodytes",NA,"Y","Anthozoa","NE"
"542","Loxosoma murmanica",NA,"Y",NA,NA
"543","Barentsia gracilis",NA,"Y",NA,NA
"544","Diomedea exulans","VU","Y",NA,NA
"545","Fulmarus glacialis","LC","Y","Aves","EN"
"546","Puffinus puffinus","LC","Y",NA,NA
"547","Pterodroma mollis","LC","Y",NA,NA
"548","Macronectes giganteus","LC","Y",NA,NA
"549","Oceanodroma leucorhoa","LC","Y","Aves","NT<U+00A7>"
"550","Morus bassanus","LC","Y",NA,NA
"551","Phalacrocorax carbo","LC","Y",NA,NA
"552","Phalacrocorax pelagicus","LC","Y",NA,NA
"553","Phalacrocorax aristotelis","LC","Y",NA,NA
"554","Fregata magnificens","LC","Y",NA,NA
"555","Bucephala clangula","LC","Y",NA,NA
"556","Bucephala islandica","LC","Y",NA,NA
"557","Bucephala albeola","LC","Y",NA,NA
"558","Clangula hyemalis","VU","Y","Aves","NT"
"559","Histrionicus histrionicus","LC","Y",NA,NA
"560","Polysticta stelleri","VU","Y","Aves","VU"
"561","Somateria mollissima","NT","Y","Aves","NT"
"562","Somateria spectabilis","LC","Y","Aves","NT"
"563","Melanitta fusca","LC","Y",NA,NA
"564","Melanitta nigra","LC","Y",NA,NA
"565","Mergus serrator","LC","Y",NA,NA
"566","Stercorarius pomarinus","LC","Y",NA,NA
"567","Stercorarius parasiticus","LC","Y","Aves","NT"
"568","Stercorarius longicaudus","LC","Y",NA,NA
"569","Larus hyperboreus","LC","Y","Aves","NT"
"570","Larus glaucoides","LC","Y",NA,NA
"571","Larus marinus","LC","Y",NA,NA
"572","Larus fuscus","LC","Y",NA,NA
"573","Larus argentatus","LC","Y",NA,NA
"574","Larus delawarensis","LC","Y",NA,NA
"575","Larus canus","LC","Y","Aves","NT"
"576","Larus ridibundus","LC","Y",NA,NA
"577","Pagophila eburnea","NT","Y","Aves","VU"
"578","Larus melanocephalus","LC","Y",NA,NA
"579","Larus relictus","VU","Y",NA,NA
"580","Rhodostethia rosea","LC","Y",NA,NA
"581","Xema sabini","LC","Y","Aves","VU<U+00A7>"
"582","Rissa tridactyla","LC","Y","Aves","NT"
"583","Rissa tridactyla","LC","Y","Aves","EN"
"584","Gelochelidon nilotica","LC","Y",NA,NA
"585","Sterna hirundo","LC","Y","Aves","EN"
"586","Sterna paradisaea","LC","Y","Aves","LC"
"587","Sterna dougallii","LC","Y",NA,NA
"588","Sterna sandvicensis","LC","Y",NA,NA
"589","Chlidonias niger","LC","Y",NA,NA
"590","Alca torda","NT","Y","Aves","EN"
"591","Alca torda","NT","Y","Aves","EN"
"592","Uria aalge","LC","Y","Aves","VU"
"593","Uria aalge","LC","Y","Aves","CR"
"594","Uria lomvia","LC","Y","Aves","NT"
"595","Uria lomvia","LC","Y","Aves","EN"
"596","Alle alle","LC","Y",NA,NA
"597","Cepphus grylle","LC","Y","Aves","VU"
"598","Fratercula arctica","VU","Y","Aves","VU"
"599","Hepomadus tener",NA,"Y",NA,NA
"600","Calonectris diomedea","LC","Y",NA,NA
"601","Scalpellum scalpellum",NA,"Y","Crustacea","LC"
"602","Balanus spongicola",NA,"Y",NA,NA
"603","Lernaeodiscus ingolfi",NA,"Y","Crustacea","LC"
"604","Atylus vedlomensis",NA,"Y",NA,NA
"605","Siphonoecetes striatus",NA,"Y",NA,NA
"606","Gennadas tinayrei",NA,"Y",NA,NA
"607","Sergia regalis",NA,"Y",NA,NA
"608","Nephropsis atlantica","LC","Y",NA,NA
"609","Larus cachinnans","LC","Y",NA,NA
"610","Thalassarche chlororhynchos","EN","Y",NA,NA
"611","Thalassarche melanophris","NT","Y",NA,NA
"612","Larus armenicus","NT","Y",NA,NA
"613","Symbion pandora",NA,"Y",NA,NA
"614","Echinorhynchus gadi",NA,"Y",NA,NA
"615","Glyptelasma hamatum",NA,"Y",NA,NA
"616","Monocorophium acherusicum",NA,"Y","Crustacea",NA
"617","Monoporeia affinis",NA,"Y","Crustacea","LC"
"618","Stercorarius skua","LC","Y","Aves","LC<U+00A7>"
"619","Stercorarius maccormicki","LC","Y",NA,NA
"620","Pentacheles laevis","LC","Y",NA,NA
"621","Pentacheles snyderi","LC","Y",NA,NA
"622","Gastroptychus formosus",NA,"Y",NA,NA
"623","Eucopia hanseni",NA,"Y",NA,NA
"624","Haplostylus lobatus",NA,"Y",NA,NA
"625","Haplostylus normani",NA,"Y",NA,NA
"626","Heteromysis norvegica",NA,"Y","Crustacea","DD"
"627","Sergia tenuiremis",NA,"Y",NA,NA
"628","Loxosomella compressa",NA,"Y",NA,NA
"629","Loxosomella varians",NA,"Y",NA,NA
"630","Loxosomella marsypos",NA,"Y",NA,NA
"631","Loxosoma significans",NA,"Y",NA,NA
"632","Loxosomella nordgaardi",NA,"Y",NA,NA
"633","Loxosoma pectinaricola",NA,"Y",NA,NA
"634","Loxosoma rhodinicola",NA,"Y",NA,NA
"635","Loxosomella elegans",NA,"Y",NA,NA
"636","Loxosomella similis",NA,"Y",NA,NA
"637","Loxosomella polita",NA,"Y",NA,NA
"638","Loxosomella atkinsae",NA,"Y",NA,NA
"639","Loxosomella nitschei",NA,"Y",NA,NA
"640","Loxosomella phascolosomata",NA,"Y",NA,NA
"641","Loxosomella fauveli",NA,"Y",NA,NA
"642","Loxosomella discopoda",NA,"Y",NA,NA
"643","Loxosomella obesa",NA,"Y",NA,NA
"644","Nucella lapillus",NA,"Y",NA,NA
"645","Thysanocardia procera",NA,"Y",NA,NA
"646","Hydrocoloeus minutus","LC","Y",NA,NA
"647","Sternula albifrons","LC","Y",NA,NA
"648","Xestoleberis aurantia",NA,"Y",NA,NA
"649","Calanus finmarchicus",NA,"Y","Crustacea","LC"
"650","Smilium acutum",NA,"Y",NA,NA
"651","Heteralepas cornuta",NA,"Y",NA,NA
"652","Balanus crenatus",NA,"Y","Crustacea","LC"
"653","Balanus improvisus",NA,"Y",NA,NA
"654","Acasta cyathus",NA,"Y",NA,NA
"655","Trypetesa lampas",NA,"Y","Crustacea",NA
"656","Gnathophausia zoea",NA,"Y",NA,NA
"657","Acanthomysis longicornis",NA,"Y",NA,NA
"658","Boreomysis arctica",NA,"Y","Crustacea","LC"
"659","Boreomysis megalops",NA,"Y","Crustacea","LC"
"660","Heteromysis microps",NA,"Y",NA,NA
"661","Mysidella typica",NA,"Y","Crustacea","LC"
"662","Parerythrops obesa",NA,"Y","Crustacea","LC"
"663","Pseudomma nanum",NA,"Y",NA,NA
"664","Pseudomma affine",NA,"Y","Crustacea","LC"
"665","Mysidopsis gibbosa",NA,"Y","Crustacea","LC"
"666","Mysidopsis angusta",NA,"Y","Crustacea","LC"
"667","Erythrops erythrophthalma",NA,"Y","Crustacea","LC"
"668","Erythrops serrata",NA,"Y","Crustacea","LC"
"669","Siriella armata",NA,"Y",NA,NA
"670","Siriella jaltensis",NA,"Y",NA,NA
"671","Siriella norvegica",NA,"Y","Crustacea","LC"
"672","Mesopodopsis slabberi",NA,"Y","Crustacea",NA
"673","Paramysis arenosa",NA,"Y",NA,NA
"674","Gastrosaccus sanctus",NA,"Y","Crustacea","LC"
"675","Gastrosaccus spinifer",NA,"Y","Crustacea","DD"
"676","Mysidetes farrani",NA,"Y","Crustacea",NA
"677","Schistomysis spiritus",NA,"Y","Crustacea","LC"
"678","Hemimysis lamornae",NA,"Y","Crustacea","LC"
"679","Hemimysis abyssicola",NA,"Y","Crustacea","LC"
"680","Leptomysis mediterranea",NA,"Y",NA,NA
"681","Leptomysis lingvura",NA,"Y","Crustacea","DD"
"682","Leptomysis gracilis",NA,"Y","Crustacea","LC"
"683","Ampelisca aequicornis",NA,"Y","Crustacea","LC"
"684","Ampelisca spinipes",NA,"Y","Crustacea","LC"
"685","Ampelisca brevicornis",NA,"Y","Crustacea","LC"
"686","Dexamine spinosa",NA,"Y","Crustacea","LC"
"687","Urothoe poseidonis",NA,"Y",NA,NA
"688","Bathyporeia pilosa",NA,"Y","Crustacea",NA
"689","Hippomedon denticulatus",NA,"Y","Crustacea","LC"
"690","Aceroides latipes",NA,"Y","Crustacea","LC"
"691","Monoculodes carinatus",NA,"Y",NA,NA
"692","Pontocrates arenarius",NA,"Y","Crustacea",NA
"693","Aeginina longicornis",NA,"Y","Crustacea","LC"
"694","Aeginella spinosa",NA,"Y","Crustacea","LC"
"695","Phtisica marina",NA,"Y","Crustacea","LC"
"696","Parapenaeus longirostris",NA,"Y",NA,NA
"697","Penaeopsis serrata",NA,"Y",NA,NA
"698","Funchalia villosa",NA,"Y",NA,NA
"699","Lucifer faxoni",NA,"Y",NA,NA
"700","Lucifer typus",NA,"Y",NA,NA
"701","Sergestes atlanticus",NA,"Y",NA,NA
"702","Sergestes edwardsii",NA,"Y",NA,NA
"703","Sergia robusta",NA,"Y",NA,NA
"704","Hymenopenaeus debilis",NA,"Y",NA,NA
"705","Aristaeomorpha foliacea",NA,"Y",NA,NA
"706","Bentheogennema burkenroadi",NA,"Y",NA,NA
"707","Bentheogennema intermedia",NA,"Y",NA,NA
"708","Benthesicymus bartletti",NA,"Y",NA,NA
"709","Benthesicymus brasiliensis",NA,"Y",NA,NA
"710","Benthonectes filipes",NA,"Y",NA,NA
"711","Gennadas bouvieri",NA,"Y",NA,NA
"712","Gennadas capensis",NA,"Y",NA,NA
"713","Gennadas scutatus",NA,"Y",NA,NA
"714","Hymenodora glacialis",NA,"Y","Crustacea","LC"
"715","Acanthephyra purpurea",NA,"Y",NA,NA
"716","Acanthephyra pelagica",NA,"Y",NA,NA
"717","Acanthephyra armata",NA,"Y",NA,NA
"718","Acanthephyra stylorostratis",NA,"Y",NA,NA
"719","Systellaspis braueri",NA,"Y",NA,NA
"720","Systellaspis debilis",NA,"Y","Crustacea",NA
"721","Systellaspis pellucida",NA,"Y",NA,NA
"722","Oplophorus spinosus",NA,"Y",NA,NA
"723","Notostomus elegans",NA,"Y",NA,NA
"724","Notostomus gibbosus",NA,"Y",NA,NA
"725","Stylodactylus licinus",NA,"Y",NA,NA
"726","Pasiphaea tarda",NA,"Y","Crustacea","LC"
"727","Pasiphaea multidentata",NA,"Y","Crustacea","LC"
"728","Glyphus marsupialis",NA,"Y",NA,NA
"729","Palaemon serratus",NA,"Y","Crustacea","LC"
"730","Processa canaliculata",NA,"Y","Crustacea",NA
"731","Pandalus borealis",NA,"Y","Crustacea","LC"
"732","Pandalus montagui",NA,"Y","Crustacea","LC"
"733","Plesionika martia",NA,"Y",NA,NA
"734","Plesionika ensis",NA,"Y",NA,NA
"735","Crangon crangon",NA,"Y","Crustacea","LC"
"736","Aegaeon lacazei",NA,"Y",NA,NA
"737","Homarus gammarus","LC","Y","Crustacea","LC"
"738","Nephrops norvegicus","LC","Y","Crustacea","LC"
"739","Palinurus elephas","VU","Y","Crustacea",NA
"740","Polycheles typhlops","LC","Y",NA,NA
"741","Munidopsis curvirostra",NA,"Y",NA,NA
"742","Munidopsis serricornis",NA,"Y","Crustacea","LC"
"743","Tursiops truncatus","LC","Y",NA,NA
"744","Stenella coeruleoalba","LC","Y",NA,NA
"745","Delphinus delphis","LC","Y",NA,NA
"746","Lagenorhynchus albirostris","LC","Y",NA,NA
"747","Lagenorhynchus acutus","LC","Y",NA,NA
"748","Grampus griseus","LC","Y",NA,NA
"749","Pseudorca crassidens","DD","Y",NA,NA
"750","Orcinus orca","DD","Y","Mammals","LC"
"751","Phocoena phocoena","LC","Y","Mammals","LC"
"752","Delphinapterus leucas","NT","Y","Mammals","DD"
"753","Monodon monoceros","NT","Y","Mammals","EN"
"754","Physeter macrocephalus","VU","Y",NA,NA
"755","Ziphius cavirostris","LC","Y",NA,NA
"756","Hyperoodon ampullatus","DD","Y","Mammals","LC"
"757","Mesoplodon bidens","DD","Y","Mammals","DD"
"758","Eschrichtius robustus","LC","Y",NA,NA
"759","Balaenoptera acutorostrata","LC","Y","Mammals","LC"
"760","Balaenoptera edeni","DD","Y",NA,NA
"761","Balaenoptera borealis","EN","Y",NA,NA
"762","Balaenoptera physalus","EN","Y","Mammals","LC"
"763","Balaenoptera musculus","EN","Y","Mammals","VU"
"764","Megaptera novaeangliae","LC","Y","Mammals","LC<U+00A7>"
"765","Balaena mysticetus","NT","Y","Mammals","CR"
"766","Eubalaena glacialis","EN","Y","Mammals","RE"
"767","Odobenus rosmarus","DD","Y","Mammals","VU"
"768","Phoca vitulina","LC","Y","Mammals","LC"
"769","Phoca vitulina","LC","Y","Mammals","VU"
"770","Halichoerus grypus","LC","Y","Mammals","LC"
"771","Erignathus barbatus","LC","Y","Mammals","LC"
"772","Cystophora cristata","VU","Y","Mammals","EN"
"773","Globicephala melas","DD","Y",NA,NA
"774","Lutra lutra","NT","Y",NA,NA
"775","Pusa hispida","LC","Y","Mammals","VU"
"776","Pagophilus groenlandicus","LC","Y","Mammals","LC"
"777","Actitis hypoleucos","LC","Y",NA,NA
"778","Alauda arvensis","LC","Y",NA,NA
"779","Anas acuta","LC","Y",NA,NA
"780","Mareca penelope","LC","Y",NA,NA
"781","Anser albifrons","LC","Y",NA,NA
"782","Anser brachyrhynchus","LC","Y",NA,NA
"783","Anthus cervinus","LC","Y",NA,NA
"784","Anthus petrosus","LC","Y",NA,NA
"785","Anthus pratensis","NT","Y",NA,NA
"786","Anthus rubescens","LC","Y",NA,NA
"787","Ardea cinerea","LC","Y",NA,NA
"788","Arenaria interpres","LC","Y",NA,NA
"789","Aythya ferina","VU","Y",NA,NA
"790","Aythya fuligula","LC","Y",NA,NA
"791","Aythya marila","LC","Y",NA,NA
"792","Branta bernicla","LC","Y",NA,NA
"793","Branta leucopsis","LC","Y",NA,NA
"794","Calcarius lapponicus","LC","Y",NA,NA
"795","Calidris alba","LC","Y",NA,NA
"796","Calidris alpina","LC","Y",NA,NA
"797","Calidris canutus","NT","Y",NA,NA
"798","Calidris maritima","LC","Y",NA,NA
"799","Calidris minuta","LC","Y",NA,NA
"800","Calidris minutilla","LC","Y",NA,NA
"801","Calidris pugnax","LC","Y",NA,NA
"802","Calidris temminckii","LC","Y",NA,NA
"803","Catharacta skua","LC","Y",NA,NA
"804","Charadrius dubius","LC","Y",NA,NA
"805","Charadrius hiaticula","LC","Y",NA,NA
"806","Corvus corone","LC","Y",NA,NA
"807","Corvus monedula","LC","Y",NA,NA
"808","Cygnus olor","LC","Y",NA,NA
"809","Eremophila alpestris","LC","Y",NA,NA
"810","Falco columbarius","LC","Y",NA,NA
"811","Falco peregrinus","LC","Y",NA,NA
"812","Falco rusticolus","LC","Y",NA,NA
"813","Fulica atra","LC","Y",NA,NA
"814","Gallinula chloropus","LC","Y",NA,NA
"815","Gavia adamsii","NT","Y","Aves","NT"
"816","Gavia arctica","LC","Y",NA,NA
"817","Gavia immer","LC","Y",NA,NA
"818","Gavia stellata","LC","Y",NA,NA
"819","Grus grus","LC","Y",NA,NA
"820","Haematopus ostralegus","NT","Y",NA,NA
"821","Haliaeetus albicilla","LC","Y","Aves","LC"
"822","Hydrobates pelagicus","LC","Y","Aves","LC"
"823","Jynx torquilla","LC","Y",NA,NA
"824","Limosa lapponica","NT","Y",NA,NA
"825","Limosa limosa","NT","Y",NA,NA
"826","Luscinia svecica","LC","Y",NA,NA
"827","Lymnocryptes minimus","LC","Y",NA,NA
"828","Mergellus albellus","LC","Y",NA,NA
"829","Mergus merganser","LC","Y",NA,NA
"830","Motacilla citreola","LC","Y",NA,NA
"831","Numenius arquata","NT","Y",NA,NA
"832","Numenius phaeopus","LC","Y",NA,NA
"833","Oenanthe oenanthe","LC","Y",NA,NA
"834","Parus palustris","LC","Y",NA,NA
"835","Phalaropus fulicarius","LC","Y",NA,NA
"836","Phalaropus lobatus","LC","Y",NA,NA
"837","Pinguinus impennis","EX","Y",NA,NA
"838","Plectrophenax nivalis","LC","Y",NA,NA
"839","Pluvialis apricaria","LC","Y",NA,NA
"840","Pluvialis squatarola","LC","Y",NA,NA
"841","Podiceps auritus","VU","Y",NA,NA
"842","Podiceps grisegena","LC","Y",NA,NA
"843","Puffinus mauretanicus","CR","Y",NA,NA
"844","Sturnus vulgaris","LC","Y",NA,NA
"845","Tadorna tadorna","LC","Y",NA,NA
"846","Xenus cinereus","LC","Y",NA,NA
"847","Tringa erythropus","LC","Y",NA,NA
"848","Tringa nebularia","LC","Y",NA,NA
"849","Tringa totanus","LC","Y",NA,NA
"850","Vanellus vanellus","NT","Y",NA,NA
"851","Stereomastis nana","LC","Y",NA,NA
"852","Stereomastis sculpta","LC","Y",NA,NA
"853","Bathyplotes natans","LC","Y",NA,NA
"854","Mesothuria intestinalis","LC","Y",NA,NA
"855","Mesothuria lactea","LC","Y",NA,NA
"856","Holothuria forskali","LC","Y",NA,NA
"857","Zostera noltii","LC","Y","Vascular plants","EN"
"858","Zostera marina","LC","Y","Vascular plants","LC"
"859","Vulpes lagopus","LC","Y",NA,NA
"860","Ursus maritimus","VU","Y","Mammals","VU"
"861","Dermochelys coriacea","CR","Y","Amphibia, Reptilia",NA
"862","Altiverruca quadrangularis",NA,"Y",NA,NA
"863","Metaverruca trisulcata",NA,"Y",NA,NA
"864","Hippolyte varians",NA,"Y","Crustacea","LC"
"865","Neanthes caudata",NA,"Y",NA,NA
"866","Leucon septemdentatus",NA,"Y",NA,NA
"867","Cumella ocellata",NA,"Y",NA,NA
"868","Heterocarpus grimaldii",NA,"Y",NA,NA
"869","Polyplumaria flabellata",NA,"Y",NA,NA
"870","Caryophyllia communis",NA,"Y",NA,NA
"871","Flabellum apertum",NA,"Y",NA,NA
"872","Aega antarctica",NA,"Y",NA,NA
"873","Adamsia palliata",NA,"Y","Anthozoa","NE"
"874","Aega glacialis",NA,"Y",NA,NA
"875","Tedania anhelans",NA,"Y",NA,NA
"876","Corallina officinalis",NA,"Y",NA,NA
"877","Marginariella boryana",NA,"Y",NA,NA
"878","Ulva intestinalis",NA,"Y",NA,NA
"879","Grateloupia filicina",NA,"Y",NA,NA
"880","Gelidium pusillum",NA,"Y","Algea","DD"
"881","Chondrus crispus",NA,"Y",NA,NA
"882","Chaetomorpha linum",NA,"Y",NA,NA
"883","Plocamium cartilagineum",NA,"Y",NA,NA
"884","Stylonema alsidii",NA,"Y","Algea","LC"
"885","Iridaea cordata",NA,"Y",NA,NA
"886","Coscinodiscus wailesii",NA,"Y",NA,NA
"887","Ulva lactuca",NA,"Y",NA,NA
"888","Macrocystis pyrifera",NA,"Y",NA,NA
"889","Codium bursa",NA,"Y",NA,NA
"890","Ulva clathrata",NA,"Y",NA,NA
"891","Dictyota dichotoma",NA,"Y","Algea","LC"
"892","Pikea californica",NA,"Y",NA,NA
"893","Grateloupia doryphora",NA,"Y",NA,NA
"894","Fucus serratus",NA,"Y","Algea","LC"
"895","Glyptonotus antarcticus",NA,"Y",NA,NA
"896","Cirolana cranchii",NA,"Y",NA,NA
"897","Processa nouveli",NA,"Y","Crustacea","LC"
"898","Politolana micropthalma",NA,"Y",NA,NA
"899","Aulactinia verrucosa",NA,"Y",NA,NA
"900","Actinothoe sphyrodeta",NA,"Y",NA,NA
"901","Pycnogonum litorale",NA,"Y",NA,NA
"902","Idotea chelipes",NA,"Y","Crustacea","LC"
"903","Idotea linearis",NA,"Y","Crustacea",NA
"904","Alvania moerchii",NA,"Y",NA,NA
"905","Colus kroeyeri",NA,"Y",NA,NA
"906","Trophon truncatus",NA,"Y",NA,NA
"907","Jaera albifrons",NA,"Y","Crustacea","LC"
"908","Jaera ischiosetosa",NA,"Y","Crustacea","LC"
"909","Jaera praehirsuta",NA,"Y","Crustacea","LC"
"910","Grimalditeuthis bonplandii","LC","Y",NA,NA
"911","Lophogaster typicus",NA,"Y","Crustacea","LC"
"912","Squilla mantis",NA,"Y",NA,NA
"913","Apseudes latreillei",NA,"Y",NA,NA
"914","Leptognathia gracilis",NA,"Y",NA,NA
"915","Pseudotanais jonesi",NA,"Y",NA,NA
"916","Chthamalus stellatus",NA,"Y","Crustacea",NA
"917","Verruca stroemia",NA,"Y","Crustacea","LC"
"918","Bylgides sarsi",NA,"Y",NA,NA
"919","Nymphon stromi",NA,"Y",NA,NA
"920","Dallina septigera",NA,"Y",NA,NA
"921","Exogone naidina",NA,"Y",NA,NA
"922","Owenia fusiformis",NA,"Y","Annelida","NE"
"923","Pomatoceros triqueter",NA,"Y","Annelida","LC"
"924","Pista maculata",NA,"Y",NA,NA
"925","Urticina crassicornis",NA,"Y","Anthozoa","NE"
"926","Leiopathes glaberrima",NA,"Y",NA,NA
"927","Turritopsis nutricula",NA,"Y",NA,NA
"928","Grammaria abietina",NA,"Y",NA,NA
"929","Rosacea cymbiformis",NA,"Y",NA,NA
"930","Leptychaster arcticus",NA,"Y",NA,NA
"931","Diplopteraster multipes",NA,"Y",NA,NA
"932","Holothuria tubulosa","LC","Y",NA,NA
"933","Cellepora pumicosa",NA,"Y",NA,NA
"934","Scrupocellaria reptans",NA,"Y",NA,NA
"935","Amathia lendigera",NA,"Y",NA,NA
"936","Chaetonotus dispar",NA,"Y",NA,NA
"937","Limatula hyperborea",NA,"Y",NA,NA
"938","Crenella fragilis",NA,"Y",NA,NA
"939","Lithophaga antillarum",NA,"Y",NA,NA
"940","Lithophaga bisulcata",NA,"Y",NA,NA
"941","Lithophaga nigra",NA,"Y",NA,NA
"942","Nucula turgida",NA,"Y",NA,NA
"943","Pododesmus macrochisma",NA,"Y",NA,NA
"944","Cyclopecten nanus",NA,"Y",NA,NA
"945","Propeamussium pourtalesianum",NA,"Y",NA,NA
"946","Solemya reidi",NA,"Y",NA,NA
"947","Lucinoma blakeanum",NA,"Y",NA,NA
"948","Thyasira brevis",NA,"Y",NA,NA
"949","Haliphron atlanticus","LC","Y","Mollusca",NA
"950","Argonauta hians","LC","Y",NA,NA
"951","Bolitaena pygmaea","LC","Y",NA,NA
"952","Benthoctopus piscatorum",NA,"Y",NA,NA
"953","Rossia macrosoma","DD","Y","Mollusca","LC"
"954","Architeuthis dux","LC","Y","Mollusca",NA
"955","Chiroteuthis veranyi","LC","Y",NA,NA
"956","Chtenopteryx sicula","DD","Y",NA,NA
"957","Egea inermis","LC","Y",NA,NA
"958","Liguriella podophthalma","DD","Y",NA,NA
"959","Teuthowenia megalops","LC","Y",NA,NA
"960","Discoteuthis discus","LC","Y",NA,NA
"961","Joubiniteuthis portieri","LC","Y",NA,NA
"962","Loligo media",NA,"Y",NA,NA
"963","Walvisteuthis virilis",NA,"Y",NA,NA
"964","Seguenzia monocingulata",NA,"Y",NA,NA
"965","Philine finmarchica",NA,"Y","Mollusca","LC"
"966","Buccinum belcheri",NA,"Y",NA,NA
"967","Buccinum polaris",NA,"Y",NA,NA
"968","Archidoris montereyensis",NA,"Y",NA,NA
"969","Onchidoris bilamellata",NA,"Y","Mollusca","LC"
"970","Lepidochitona cinerea",NA,"Y",NA,NA
"971","Tetrastemma nigrifrons",NA,"Y",NA,NA
"972","Aspidosiphon misakiensis",NA,"Y",NA,NA
"973","Aspidosiphon muelleri",NA,"Y",NA,NA
"974","Aspidosiphon zinni",NA,"Y",NA,NA
"975","Golfingia elongata",NA,"Y",NA,NA
"976","Golfingia margaritacea",NA,"Y",NA,NA
"977","Golfingia muricaudata",NA,"Y",NA,NA
"978","Golfingia vulgaris",NA,"Y",NA,NA
"979","Nephasoma abyssorum",NA,"Y",NA,NA
"980","Nephasoma constrictum",NA,"Y",NA,NA
"981","Nephasoma eremita",NA,"Y",NA,NA
"982","Nephasoma lilljeborgi",NA,"Y",NA,NA
"983","Nephasoma minutum",NA,"Y",NA,NA
"984","Phascolion strombus",NA,"Y",NA,NA
"985","Phascolion tuberculosum",NA,"Y",NA,NA
"986","Phascolosoma granulatum",NA,"Y",NA,NA
"987","Anthopleura ballii",NA,"Y",NA,NA
"988","Cardium edule",NA,"Y",NA,NA
"989","Plesionika narval",NA,"Y",NA,NA
"990","Aristaeopsis edwardsiana",NA,"Y",NA,NA
"991","Leucopsila stilifera",NA,"Y",NA,NA
"992","Paramola cuvieri",NA,"Y",NA,NA
"993","Leucosolenia canariensis",NA,"Y",NA,NA
"994","Leucosolenia coriacea",NA,"Y",NA,NA
"995","Leucosolenia lamarckii",NA,"Y",NA,NA
"996","Sidnyum turbinatum",NA,"Y",NA,NA
"997","Styela sigma",NA,"Y",NA,NA
"998","Diadumene lineata",NA,"Y",NA,NA
"999","Philocheras trispinosus",NA,"Y","Crustacea","LC"
"1000","Asajirus eunuchus",NA,"Y",NA,NA
"1001","Oxynaspis celata",NA,"Y",NA,NA
"1002","Anapagurus laevis",NA,"Y","Crustacea","LC"
"1003","Siriella clausi",NA,"Y",NA,NA
"1004","Anoplodactylus petiolatus",NA,"Y",NA,NA
"1005","Anoplodactylus typhlops",NA,"Y",NA,NA
"1006","Anoplodactylus virescens",NA,"Y",NA,NA
"1007","Pallenopsis calcanea",NA,"Y",NA,NA
"1008","Achelia borealis",NA,"Y",NA,NA
"1009","Pallenopsis longirostris",NA,"Y",NA,NA
"1010","Pallenopsis mollissima",NA,"Y",NA,NA
"1011","Pallenopsis oscitans",NA,"Y",NA,NA
"1012","Pallenopsis scoparia",NA,"Y",NA,NA
"1013","Pallenopsis tritonis",NA,"Y",NA,NA
"1014","Phoxichilidium femoratum",NA,"Y",NA,NA
"1015","Bonellia viridis",NA,"Y",NA,NA
"1016","Ascorhynchus abyssi",NA,"Y",NA,NA
"1017","Fritillaria haplostoma",NA,"Y",NA,NA
"1018","Oikopleura cophocerca",NA,"Y",NA,NA
"1019","Oikopleura labradoriensis",NA,"Y",NA,NA
"1020","Oikopleura longicauda",NA,"Y",NA,NA
"1021","Oikopleura parva",NA,"Y",NA,NA
"1022","Stegosoma magnum",NA,"Y",NA,NA
"1023","Adagnesia charcoti",NA,"Y",NA,NA
"1024","Agnesiopsis translucida",NA,"Y",NA,NA
"1025","Proagnesia depressa",NA,"Y",NA,NA
"1026","Araneum sigma",NA,"Y",NA,NA
"1027","Ascidia callosa",NA,"Y",NA,NA
"1028","Ascidia conchilega",NA,"Y",NA,NA
"1029","Ascidia mentula",NA,"Y",NA,NA
"1030","Ascidia obliqua",NA,"Y",NA,NA
"1031","Ascidia prunum",NA,"Y",NA,NA
"1032","Ascidia tritonis",NA,"Y",NA,NA
"1033","Ascidia virginea",NA,"Y",NA,NA
"1034","Ascidiella aspersa",NA,"Y",NA,NA
"1035","Phallusia mammillata",NA,"Y",NA,NA
"1036","Ciona intestinalis",NA,"Y",NA,NA
"1037","Clavelina lepadiformis",NA,"Y",NA,NA
"1038","Abyssascidia millari",NA,"Y",NA,NA
"1039","Corella eumyota",NA,"Y",NA,NA
"1040","Corella parallelogramma",NA,"Y",NA,NA
"1041","Rhodosoma turcicum",NA,"Y",NA,NA
"1042","Pseudodiazona abyssa",NA,"Y",NA,NA
"1043","Didemnum candidum",NA,"Y",NA,NA
"1044","Didemnum carnulentum",NA,"Y",NA,NA
"1045","Didemnum maculosum",NA,"Y",NA,NA
"1046","Diplosoma listerianum",NA,"Y",NA,NA
"1047","Diplosoma macdonaldi",NA,"Y",NA,NA
"1048","Leptoclinides faeroensis",NA,"Y",NA,NA
"1049","Lissoclinum aureum",NA,"Y",NA,NA
"1050","Achelia echinata",NA,"Y",NA,NA
"1051","Octacnemus ingolfi",NA,"Y",NA,NA
"1052","Aplidium glabrum",NA,"Y",NA,NA
"1053","Polyclinum aurantium",NA,"Y",NA,NA
"1054","Paranymphon spinosum",NA,"Y",NA,NA
"1055","Synoicum pulmonaria",NA,"Y",NA,NA
"1056","Achelia laevis",NA,"Y",NA,NA
"1057","Asajirus indicus",NA,"Y",NA,NA
"1058","Asajirus ledanoisi",NA,"Y",NA,NA
"1059","Sericosura mitrata",NA,"Y",NA,NA
"1060","Oligotrema unigonas",NA,"Y",NA,NA
"1061","Eugyra arenosa",NA,"Y",NA,NA
"1062","Minipera papillosa",NA,"Y",NA,NA
"1063","Molgula citrina",NA,"Y",NA,NA
"1064","Molgula complanata",NA,"Y",NA,NA
"1065","Molgula herdmani",NA,"Y",NA,NA
"1066","Molgula manhattensis",NA,"Y",NA,NA
"1067","Molgula occulta",NA,"Y",NA,NA
"1068","Molgula oculata",NA,"Y",NA,NA
"1069","Molgula retortiformis",NA,"Y",NA,NA
"1070","Boltenia echinata",NA,"Y",NA,NA
"1071","Boltenia ovifera",NA,"Y",NA,NA
"1072","Boltenia pilosa",NA,"Y",NA,NA
"1073","Halocynthia pyriformis",NA,"Y",NA,NA
"1074","Microcosmus claudicans",NA,"Y",NA,NA
"1075","Pyura microcosmus",NA,"Y",NA,NA
"1076","Pyura squamulosa",NA,"Y",NA,NA
"1077","Pyura stolonifera",NA,"Y",NA,NA
"1078","Pyura tessellata",NA,"Y",NA,NA
"1079","Bathystyeloides enderbyanus",NA,"Y",NA,NA
"1080","Botryllus schlosseri",NA,"Y",NA,NA
"1081","Cnemidocarpa devia",NA,"Y",NA,NA
"1082","Cnemidocarpa finmarkiensis",NA,"Y",NA,NA
"1083","Dendrodoa grossularia",NA,"Y",NA,NA
"1084","Dicarpa simplex",NA,"Y",NA,NA
"1085","Kukenthalia borealis",NA,"Y",NA,NA
"1086","Austrodecus conifer",NA,"Y",NA,NA
"1087","Pelonaia corrugata",NA,"Y",NA,NA
"1088","Polycarpa fibrosa",NA,"Y",NA,NA
"1089","Polycarpa gracilis",NA,"Y",NA,NA
"1090","Polycarpa pomaria",NA,"Y",NA,NA
"1091","Polycarpa pseudoalbatrossi",NA,"Y",NA,NA
"1092","Styela chaini",NA,"Y",NA,NA
"1093","Styela charcoti",NA,"Y",NA,NA
"1094","Styela coriacea",NA,"Y",NA,NA
"1095","Styela loculosa",NA,"Y",NA,NA
"1096","Styela similis",NA,"Y",NA,NA
"1097","Styela squamosa",NA,"Y",NA,NA
"1098","Pegea confoederata",NA,"Y",NA,NA
"1099","Salpa fusiformis",NA,"Y",NA,NA
"1100","Salpa maxima",NA,"Y",NA,NA
"1101","Soestia zonaria",NA,"Y",NA,NA
"1102","Thetys vagina",NA,"Y",NA,NA
"1103","Pantopipetta armoricana",NA,"Y",NA,NA
"1104","Balanoglossus clavigerus",NA,"Y",NA,NA
"1105","Pantopipetta longituberculata",NA,"Y",NA,NA
"1106","Callipallene acus",NA,"Y",NA,NA
"1107","Callipallene brevirostris",NA,"Y",NA,NA
"1108","Callipallene phantoma",NA,"Y",NA,NA
"1109","Callipallene spectrum",NA,"Y",NA,NA
"1110","Pseudopallene brevicollis",NA,"Y",NA,NA
"1111","Pseudopallene circularis",NA,"Y",NA,NA
"1112","Colossendeis angusta",NA,"Y",NA,NA
"1113","Colossendeis arcuata",NA,"Y",NA,NA
"1114","Colossendeis colossea",NA,"Y",NA,NA
"1115","Colossendeis macerrima",NA,"Y",NA,NA
"1116","Colossendeis minor",NA,"Y",NA,NA
"1117","Achelia spinosa",NA,"Y",NA,NA
"1118","Endeis spinosa",NA,"Y",NA,NA
"1119","Boreonymphon robustum",NA,"Y",NA,NA
"1120","Nymphon brevirostre",NA,"Y",NA,NA
"1121","Nymphon brevitarse",NA,"Y",NA,NA
"1122","Nymphon chainae",NA,"Y",NA,NA
"1123","Nymphon gracile",NA,"Y",NA,NA
"1124","Nymphon grossipes",NA,"Y",NA,NA
"1125","Nymphon hirtipes",NA,"Y",NA,NA
"1126","Nymphon hirtum",NA,"Y",NA,NA
"1127","Nymphon leptocheles",NA,"Y",NA,NA
"1128","Nymphon longitarse",NA,"Y",NA,NA
"1129","Nymphon macronyx",NA,"Y",NA,NA
"1130","Nymphon macrum",NA,"Y",NA,NA
"1131","Nymphon rubrum",NA,"Y",NA,NA
"1132","Nymphon serratum",NA,"Y",NA,NA
"1133","Nymphon sluiteri",NA,"Y",NA,NA
"1134","Anoplodactylus angulatus",NA,"Y",NA,NA
"1135","Atolla vanhoeffeni",NA,"Y",NA,NA
"1136","Atolla wyvillei",NA,"Y","Scyphozoa","LC"
"1137","Nausithoe punctata",NA,"Y",NA,NA
"1138","Pelagia noctiluca",NA,"Y","Scyphozoa",NA
"1139","Aurelia aurita",NA,"Y","Scyphozoa","LC"
"1140","Caryophyllia calveri",NA,"Y",NA,NA
"1141","Caryophyllia smithii",NA,"Y","Anthozoa","LC"
"1142","Cladocora debilis",NA,"Y",NA,NA
"1143","Coenocyathus cylindricus",NA,"Y",NA,NA
"1144","Desmophyllum dianthus",NA,"Y",NA,NA
"1145","Lophelia pertusa",NA,"Y","Anthozoa","NT"
"1146","Paracyathus pulchellus",NA,"Y",NA,NA
"1147","Madrepora oculata",NA,"Y","Anthozoa","DD"
"1148","Astrangia solitaria",NA,"Y",NA,NA
"1149","Sphenotrochus andrewianus",NA,"Y",NA,NA
"1150","Epizoanthus incrustatus",NA,"Y","Anthozoa","NE"
"1151","Rugiloricus cauliculus",NA,"Y",NA,NA
"1152","Pleurobrachia pileus",NA,"Y",NA,NA
"1153","Notocelis gullmarensis",NA,"Y",NA,NA
"1154","Astropecten aranciacus",NA,"Y",NA,NA
"1155","Astropecten irregularis",NA,"Y",NA,NA
"1156","Ctenodiscus crispatus",NA,"Y",NA,NA
"1157","Henricia sanguinolenta",NA,"Y",NA,NA
"1158","Pteraster militaris",NA,"Y",NA,NA
"1159","Crossaster papposus",NA,"Y",NA,NA
"1160","Solaster endeca",NA,"Y",NA,NA
"1161","Paromola cuvieri",NA,"Y","Crustacea","LC"
"1162","Segonzacia mesatlantica",NA,"Y",NA,NA
"1163","Cancer bellianus",NA,"Y","Crustacea",NA
"1164","Cancer pagurus",NA,"Y","Crustacea","LC"
"1165","Pirimela denticulata",NA,"Y","Crustacea","LC"
"1166","Thia scutellata",NA,"Y","Crustacea","DD"
"1167","Hyas araneus",NA,"Y","Crustacea","LC"
"1168","Macropodia longirostris",NA,"Y",NA,NA
"1169","Maja squinado",NA,"Y",NA,NA
"1170","Chaceon affinis",NA,"Y",NA,NA
"1171","Bathynectes maravigna",NA,"Y","Crustacea","DD"
"1172","Carcinus maenas",NA,"Y","Crustacea","LC"
"1173","Liocarcinus corrugatus",NA,"Y","Crustacea",NA
"1174","Liocarcinus navigator",NA,"Y","Crustacea","LC"
"1175","Eriocheir sinensis",NA,"Y","Crustacea",NA
"1176","Pilumnoides perlatus",NA,"Y",NA,NA
"1177","Lophozozymus incisus",NA,"Y",NA,NA
"1178","Meganyctiphanes norvegica",NA,"Y","Crustacea","LC"
"1179","Nematobrachion sexspinosum",NA,"Y",NA,NA
"1180","Stylocheiron maximum",NA,"Y","Crustacea",NA
"1181","Cryptopora gnomon",NA,"Y",NA,NA
"1182","Terebratulina retusa",NA,"Y",NA,NA
"1183","Gwynia capsula",NA,"Y",NA,NA
"1184","Platidia anomioides",NA,"Y",NA,NA
"1185","Pelagodiscus atlanticus",NA,"Y",NA,NA
"1186","Novocrania anomala",NA,"Y",NA,NA
"1187","Reptadeonella violacea",NA,"Y",NA,NA
"1188","Aetea anguina",NA,"Y",NA,NA
"1189","Aetea truncata",NA,"Y",NA,NA
"1190","Bicellariella ciliata",NA,"Y",NA,NA
"1191","Bugula plumosa",NA,"Y",NA,NA
"1192","Callopora dumerilii",NA,"Y",NA,NA
"1193","Callopora lineata",NA,"Y",NA,NA
"1194","Parellisina curvirostris",NA,"Y",NA,NA
"1195","Caberea boryi",NA,"Y",NA,NA
"1196","Scrupocellaria scrupea",NA,"Y",NA,NA
"1197","Scrupocellaria scruposa",NA,"Y",NA,NA
"1198","Chorizopora brongniartii",NA,"Y",NA,NA
"1199","Membraniporella nitida",NA,"Y",NA,NA
"1200","Membranipora membranacea",NA,"Y",NA,NA
"1201","Microporella ciliata",NA,"Y",NA,NA
"1202","Escharella variolosa",NA,"Y",NA,NA
"1203","Schizoporella unicornis",NA,"Y",NA,NA
"1204","Scruparia chelata",NA,"Y",NA,NA
"1205","Bowerbankia gracilis",NA,"Y",NA,NA
"1206","Tubulipora liliacea",NA,"Y",NA,NA
"1207","Disporella fimbriata",NA,"Y",NA,NA
"1208","Jellyella tuberculata",NA,"Y",NA,NA
"1209","Branchiostoma lanceolatum",NA,"Y",NA,NA
"1210","Eukrohnia bathypelagica",NA,"Y",NA,NA
"1211","Eukrohnia hamata",NA,"Y",NA,NA
"1212","Caecosagitta macrocephala",NA,"Y",NA,NA
"1213","Parasagitta elegans",NA,"Y",NA,NA
"1214","Parasagitta friderici",NA,"Y",NA,NA
"1215","Pseudosagitta maxima",NA,"Y",NA,NA
"1216","Serratosagitta serratodentata",NA,"Y",NA,NA
"1217","Iphinoe trispinosa",NA,"Y","Crustacea","LC"
"1218","Echinus acutus",NA,"Y",NA,NA
"1219","Echinus esculentus","NT","Y",NA,NA
"1220","Strongylocentrotus droebachiensis",NA,"Y",NA,NA
"1221","Strongylocentrotus pallidus",NA,"Y",NA,NA
"1222","Echinocardium cordatum",NA,"Y",NA,NA
"1223","Haplognathia rosea",NA,"Y",NA,NA
"1224","Halichaetonotus aculifer",NA,"Y",NA,NA
"1225","Draculiciteria tesselata",NA,"Y",NA,NA
"1226","Heteroxenotrichula squamosa",NA,"Y",NA,NA
"1227","Xenotrichula intermedia",NA,"Y",NA,NA
"1228","Xenotrichula punctata",NA,"Y",NA,NA
"1229","Dolichodasys elongatus",NA,"Y",NA,NA
"1230","Mesodasys laticaudatus",NA,"Y",NA,NA
"1231","Macrodasys caudatus",NA,"Y",NA,NA
"1232","Acanthodasys aculeatus",NA,"Y",NA,NA
"1233","Diplodasys ankeli",NA,"Y",NA,NA
"1234","Platydasys maximus",NA,"Y",NA,NA
"1235","Platydasys ocellatus",NA,"Y",NA,NA
"1236","Tetranchyroderma tribolosum",NA,"Y",NA,NA
"1237","Paraturbanella teissieri",NA,"Y",NA,NA
"1238","Turbanella cornuta",NA,"Y",NA,NA
"1239","Halichaetonotus decipiens",NA,"Y",NA,NA
"1240","Tetranchyroderma cirrophorum",NA,"Y",NA,NA
"1241","Tetranchyroderma megastomum",NA,"Y",NA,NA
"1242","Aegina citrea",NA,"Y",NA,NA
"1243","Solmundella bitentaculata",NA,"Y",NA,NA
"1244","Bimeria vestita",NA,"Y",NA,NA
"1245","Bougainvillia muscus",NA,"Y",NA,NA
"1246","Clytia hemisphaerica",NA,"Y",NA,NA
"1247","Clytia paulensis",NA,"Y",NA,NA
"1248","Obelia bidentata",NA,"Y",NA,NA
"1249","Obelia dichotoma",NA,"Y",NA,NA
"1250","Obelia geniculata",NA,"Y",NA,NA
"1251","Calycella syringa",NA,"Y",NA,NA
"1252","Lafoeina maxima",NA,"Y",NA,NA
"1253","Cladonema radiatum",NA,"Y",NA,NA
"1254","Cordylophora caspia",NA,"Y",NA,NA
"1255","Dipurena halterata",NA,"Y",NA,NA
"1256","Eutonina indicans",NA,"Y",NA,NA
"1257","Helgicirrha schulzei",NA,"Y",NA,NA
"1258","Eudendrium capillare",NA,"Y",NA,NA
"1259","Eudendrium rameum",NA,"Y",NA,NA
"1260","Eudendrium ramosum",NA,"Y",NA,NA
"1261","Halecium delicatulum",NA,"Y",NA,NA
"1262","Halecium nanum",NA,"Y",NA,NA
"1263","Halecium tenellum",NA,"Y",NA,NA
"1264","Acryptolaria conferta",NA,"Y",NA,NA
"1265","Filellum serratum",NA,"Y",NA,NA
"1266","Lafoea dumosa",NA,"Y",NA,NA
"1267","Melicertum octocostatum",NA,"Y",NA,NA
"1268","Amphinema rugosum",NA,"Y",NA,NA
"1269","Pennaria disticha",NA,"Y",NA,NA
"1270","Phialella quadrata",NA,"Y",NA,NA
"1271","Plumularia setacea",NA,"Y",NA,NA
"1272","Abietinaria abietina",NA,"Y",NA,NA
"1273","Sertularella gayi",NA,"Y",NA,NA
"1274","Sertularella polyzonias",NA,"Y",NA,NA
"1275","Solmaris corona",NA,"Y",NA,NA
"1276","Pliobothrus symmetricus",NA,"Y",NA,NA
"1277","Stylaster gemmascens",NA,"Y",NA,NA
"1278","Modeeria rotunda",NA,"Y",NA,NA
"1279","Ectopleura dumortierii",NA,"Y",NA,NA
"1280","Lensia conoidea",NA,"Y",NA,NA
"1281","Muggiaea atlantica",NA,"Y",NA,NA
"1282","Sulculeolaria biloba",NA,"Y",NA,NA
"1283","Agalma elegans",NA,"Y",NA,NA
"1284","Physophora hydrostatica",NA,"Y",NA,NA
"1285","Coryne eximia",NA,"Y",NA,NA
"1286","Halecium beanii",NA,"Y",NA,NA
"1287","Chelophyes contorta",NA,"Y",NA,NA
"1288","Cunina duplicata",NA,"Y",NA,NA
"1289","Crypthelia pudica",NA,"Y",NA,NA
"1290","Stylaster roseus",NA,"Y",NA,NA
"1291","Bopyroides hippolytes",NA,"Y","Crustacea","LC"
"1292","Anthura gracilis",NA,"Y",NA,NA
"1293","Cyathura carinata",NA,"Y","Crustacea",NA
"1294","Calathura brachiata",NA,"Y","Crustacea","LC"
"1295","Eugerda tenuimana",NA,"Y","Crustacea","LC"
"1296","Munnopsurus giganteus",NA,"Y","Crustacea","LC"
"1297","Haploniscus ingolfi",NA,"Y",NA,NA
"1298","Heteromesus frigidus",NA,"Y","Crustacea","LC"
"1299","Ianiropsis breviremis",NA,"Y","Crustacea","LC"
"1300","Janira maculosa",NA,"Y","Crustacea","LC"
"1301","Munna fabricii",NA,"Y",NA,NA
"1302","Austroniscus norbi",NA,"Y","Crustacea","LC"
"1303","Eurydice affinis",NA,"Y",NA,NA
"1304","Eurydice inermis",NA,"Y","Crustacea","LC"
"1305","Natatolana borealis",NA,"Y","Crustacea","LC"
"1306","Natatolana caeca",NA,"Y",NA,NA
"1307","Limnoria lignorum",NA,"Y","Crustacea","LC"
"1308","Gnathia dentata",NA,"Y","Crustacea","LC"
"1309","Gnathia maxillaris",NA,"Y","Crustacea","LC"
"1310","Astacilla arietina",NA,"Y","Crustacea","DD"
"1311","Astacilla intermedia",NA,"Y","Crustacea","LC"
"1312","Astacilla longicornis",NA,"Y","Crustacea","LC"
"1313","Saduria sabini",NA,"Y",NA,NA
"1314","Idotea emarginata",NA,"Y","Crustacea","LC"
"1315","Idotea metallica",NA,"Y","Crustacea",NA
"1316","Idotea neglecta",NA,"Y","Crustacea","LC"
"1317","Arcturus baffini",NA,"Y","Crustacea","LC"
"1318","Antarcturus horridus",NA,"Y",NA,NA
"1319","Antarcturus polaris",NA,"Y",NA,NA
"1320","Antarcturus spinacoronatus",NA,"Y",NA,NA
"1321","Dolichiscus meridionalis",NA,"Y",NA,NA
"1322","Litarcturus lillei",NA,"Y",NA,NA
"1323","Natatolana intermedia",NA,"Y",NA,NA
"1324","Natatolana meridionalis",NA,"Y",NA,NA
"1325","Euneognathia gigas",NA,"Y",NA,NA
"1326","Eisothistos antarcticus",NA,"Y",NA,NA
"1327","Austrofilius furcatus",NA,"Y",NA,NA
"1328","Munna antarctica",NA,"Y",NA,NA
"1329","Munna globicauda",NA,"Y",NA,NA
"1330","Cymodocella tubicauda",NA,"Y",NA,NA
"1331","Austroniscus ovalis",NA,"Y",NA,NA
"1332","Eugerda intermedia",NA,"Y","Crustacea","DD"
"1333","Dynamene bidentata",NA,"Y",NA,NA
"1334","Caecognathia hodgsoni",NA,"Y",NA,NA
"1335","Santia charcoti",NA,"Y",NA,NA
"1336","Entophilus omnitectus",NA,"Y",NA,NA
"1337","Pagonana rostrata",NA,"Y",NA,NA
"1338","Haplomesus angustus",NA,"Y",NA,NA
"1339","Acanthochitona fascicularis",NA,"Y",NA,NA
"1340","Aeolidia papillosa",NA,"Y","Mollusca","LC"
"1341","Anomia ephippium",NA,"Y",NA,NA
"1342","Pododesmus patelliformis",NA,"Y",NA,NA
"1343","Aplysia fasciata",NA,"Y",NA,NA
"1344","Bursatella leachii",NA,"Y",NA,NA
"1345","Arca tetragona",NA,"Y","Mollusca","LC"
"1346","Bathyarca frielei",NA,"Y",NA,NA
"1347","Bathyarca glacialis",NA,"Y","Mollusca","LC"
"1348","Arctica islandica",NA,"Y",NA,NA
"1349","Argonauta argo","LC","Y",NA,NA
"1350","Astarte borealis",NA,"Y",NA,NA
"1351","Astarte crenata",NA,"Y",NA,NA
"1352","Astarte elliptica",NA,"Y",NA,NA
"1353","Astarte montagui",NA,"Y",NA,NA
"1354","Japetella diaphana","LC","Y",NA,NA
"1355","Brachioteuthis riisei","DD","Y","Mollusca","DD"
"1356","Buccinum glaciale",NA,"Y",NA,NA
"1357","Buccinum hydrophanum",NA,"Y","Mollusca","LC"
"1358","Buccinum micropoma",NA,"Y",NA,NA
"1359","Buccinum nivale",NA,"Y","Mollusca","LC"
"1360","Buccinum undatum",NA,"Y","Mollusca","LC"
"1361","Colus islandicus",NA,"Y","Mollusca","LC"
"1362","Neptunea despecta",NA,"Y","Mollusca","LC"
"1363","Volutopsius norwegicus",NA,"Y","Mollusca","LC"
"1364","Calyptraea chinensis",NA,"Y",NA,NA
"1365","Admete viridula",NA,"Y","Mollusca","LC"
"1366","Acanthocardia aculeata",NA,"Y",NA,NA
"1367","Cerastoderma glaucum",NA,"Y",NA,NA
"1368","Laevicardium crassum",NA,"Y",NA,NA
"1369","Styliola subula",NA,"Y",NA,NA
"1370","Bittium reticulatum",NA,"Y","Mollusca","LC"
"1371","Chaetoderma nitidulum",NA,"Y","Mollusca","NE"
"1372","Falcidens crossotus",NA,"Y","Mollusca","NE"
"1373","Falcidens sagittiferus",NA,"Y","Mollusca","NE"
"1374","Cadlina laevis",NA,"Y","Mollusca","LC"
"1375","Clione limacina",NA,"Y",NA,NA
"1376","Nepotilla amoena",NA,"Y",NA,NA
"1377","Oenopota obliqua",NA,"Y",NA,NA
"1378","Corbula gibba",NA,"Y","Mollusca","LC"
"1379","Bathothauma lyromma","LC","Y",NA,NA
"1380","Helicocranchia pfefferi","DD","Y",NA,NA
"1381","Cardiomya striata",NA,"Y",NA,NA
"1382","Cuspidaria arctica",NA,"Y","Mollusca","LC"
"1383","Cuspidaria glacialis",NA,"Y","Mollusca","LC"
"1384","Cylichna alba",NA,"Y","Mollusca","LC"
"1385","Cylichna cylindracea",NA,"Y","Mollusca","LC"
"1386","Scaphander punctostriatus",NA,"Y","Mollusca","LC"
"1387","Dendronotus frondosus",NA,"Y","Mollusca","LC"
"1388","Dendronotus robustus",NA,"Y","Mollusca","LC"
"1389","Diaphana hiemalis",NA,"Y","Mollusca","LC"
"1390","Diaphana minuta",NA,"Y","Mollusca","LC"
"1391","Geitodoris planata",NA,"Y","Mollusca","LC"
"1392","Geitodoris pusae",NA,"Y",NA,NA
"1393","Donax trunculus",NA,"Y",NA,NA
"1394","Donax vittatus",NA,"Y",NA,NA
"1395","Nematomenia banyulensis",NA,"Y","Mollusca","NE"
"1396","Gyroscala lamellosa",NA,"Y",NA,NA
"1397","Eubranchus exiguus",NA,"Y","Mollusca","LC"
"1398","Facelina bostoniensis",NA,"Y","Mollusca","LC"
"1399","Puncturella noachina",NA,"Y","Mollusca","LC"
"1400","Glycymeris glycymeris",NA,"Y","Mollusca","LC"
"1401","Neopycnodonte cochlear",NA,"Y",NA,NA
"1402","Hanleya hanleyi",NA,"Y","Mollusca","LC"
"1403","Hiatella arctica",NA,"Y","Mollusca","LC"
"1404","Callochiton septemvalvis",NA,"Y","Mollusca","LC"
"1405","Ischnochiton albus",NA,"Y",NA,NA
"1406","Tonicella marmorea",NA,"Y","Mollusca","LC"
"1407","Tonicella rubra",NA,"Y","Mollusca","LC"
"1408","Marsenina glabra",NA,"Y","Mollusca","LC"
"1409","Lepeta caeca",NA,"Y","Mollusca","LC"
"1410","Leptochiton alveolus",NA,"Y","Mollusca","LC"
"1411","Leptochiton asellus",NA,"Y","Mollusca","LC"
"1412","Leptochiton cancellatus",NA,"Y",NA,NA
"1413","Limacina helicina",NA,"Y",NA,NA
"1414","Limacina retroversa",NA,"Y",NA,NA
"1415","Lima lima",NA,"Y",NA,NA
"1416","Limatula subauriculata",NA,"Y","Mollusca","LC"
"1417","Scutopus robustus",NA,"Y","Mollusca","NE"
"1418","Scutopus ventrolineatus",NA,"Y","Mollusca","NE"
"1419","Limopsis aurita",NA,"Y",NA,NA
"1420","Littorina obtusata",NA,"Y","Mollusca","LC"
"1421","Littorina saxatilis",NA,"Y","Mollusca","LC"
"1422","Erginus rubellus",NA,"Y","Mollusca","LC"
"1423","Lucinella divaricata",NA,"Y",NA,NA
"1424","Myrtea spinifera",NA,"Y",NA,NA
"1425","Lutraria angustior",NA,"Y",NA,NA
"1426","Spisula elliptica",NA,"Y",NA,NA
"1427","Spisula solida",NA,"Y",NA,NA
"1428","Trophon clathratus",NA,"Y",NA,NA
"1429","Mya truncata",NA,"Y","Mollusca","LC"
"1430","Crenella decussata",NA,"Y","Mollusca","LC"
"1431","Modiolula phaseolina",NA,"Y","Mollusca","LC"
"1432","Modiolus adriaticus",NA,"Y","Mollusca","NE"
"1433","Modiolus barbatus",NA,"Y",NA,NA
"1434","Modiolus modiolus",NA,"Y","Mollusca","LC"
"1435","Musculus costulatus",NA,"Y",NA,NA
"1436","Musculus discors",NA,"Y","Mollusca","LC"
"1437","Musculus niger",NA,"Y","Mollusca","LC"
"1438","Mytilus edulis",NA,"Y","Mollusca","LC"
"1439","Mytilus galloprovincialis",NA,"Y",NA,NA
"1440","Perna perna",NA,"Y",NA,NA
"1441","Amauropsis islandica",NA,"Y","Mollusca","LC"
"1442","Cryptonatica affinis",NA,"Y","Mollusca","LC"
"1443","Euspira catena",NA,"Y",NA,NA
"1444","Striarca lactea",NA,"Y",NA,NA
"1445","Nuculana pernula",NA,"Y","Mollusca","LC"
"1446","Ennucula tenuis",NA,"Y","Mollusca","LC"
"1447","Nucula hanleyi",NA,"Y",NA,NA
"1448","Nucula nucleus",NA,"Y","Mollusca","LC"
"1449","Nucula sulcata",NA,"Y","Mollusca","LC"
"1450","Bathypolypus arcticus",NA,"Y","Mollusca",NA
"1451","Eledone cirrhosa",NA,"Y","Mollusca","LC"
"1452","Omalogyra atomus",NA,"Y","Mollusca","LC"
"1453","Illex coindetii","LC","Y",NA,NA
"1454","Todarodes sagittatus","LC","Y","Mollusca","LC"
"1455","Acanthodoris pilosa",NA,"Y","Mollusca","LC"
"1456","Adalaria proxima",NA,"Y","Mollusca","LC"
"1457","Onchidoris muricata",NA,"Y","Mollusca","LC"
"1458","Onychoteuthis banksii","DD","Y",NA,NA
"1459","Ostrea edulis",NA,"Y","Mollusca","NT"
"1460","Patella ulyssiponensis",NA,"Y","Mollusca","LC"
"1461","Aequipecten opercularis",NA,"Y","Mollusca","LC"
"1462","Chlamys islandica",NA,"Y","Mollusca","LC"
"1463","Cyclopecten imbrifer",NA,"Y",NA,NA
"1464","Delectopecten vitreus",NA,"Y","Mollusca","LC"
"1465","Pecten maximus",NA,"Y","Mollusca","LC"
"1466","Mysia undata",NA,"Y",NA,NA
"1467","Ensis siliqua",NA,"Y",NA,NA
"1468","Pharus legumen",NA,"Y",NA,NA
"1469","Philine aperta",NA,"Y",NA,NA
"1470","Philine quadrata",NA,"Y","Mollusca","LC"
"1471","Zirfaea crispata",NA,"Y","Mollusca","LC"
"1472","Berthella plumula",NA,"Y",NA,NA
"1473","Janolus hyalinus",NA,"Y",NA,NA
"1474","Dorymenia sarsii",NA,"Y","Mollusca","NE"
"1475","Gari depressa",NA,"Y",NA,NA
"1476","Gari fervensis",NA,"Y",NA,NA
"1477","Turbonilla amoena",NA,"Y",NA,NA
"1478","Retusa obtusa",NA,"Y",NA,NA
"1479","Retusa truncatula",NA,"Y","Mollusca","LC"
"1480","Rhopalomenia aglaopheniae",NA,"Y",NA,NA
"1481","Alvania scrobiculata",NA,"Y","Mollusca","LC"
"1482","Frigidoalvania janmayeni",NA,"Y","Mollusca","LC"
"1483","Onoba aculeus",NA,"Y","Mollusca","LC"
"1484","Onoba leptalea",NA,"Y",NA,NA
"1485","Onoba mighelsii",NA,"Y",NA,NA
"1486","Scrobicularia plana",NA,"Y","Mollusca","LC"
"1487","Sepia officinalis","LC","Y","Mollusca",NA
"1488","Neorossia caroli","LC","Y",NA,NA
"1489","Sepietta neglecta","DD","Y",NA,NA
"1490","Sepietta oweniana","DD","Y","Mollusca","LC"
"1491","Placida dendritica",NA,"Y",NA,NA
"1492","Macoma balthica",NA,"Y","Mollusca","LC"
"1493","Macoma calcarea",NA,"Y","Mollusca","LC"
"1494","Tellina tenuis",NA,"Y",NA,NA
"1495","Teredo navalis",NA,"Y",NA,NA
"1496","Cuthona viridis",NA,"Y","Mollusca","LC"
"1497","Thyasira flexuosa",NA,"Y","Mollusca","LC"
"1498","Gibbula magus",NA,"Y",NA,NA
"1499","Margarites groenlandicus",NA,"Y",NA,NA
"1500","Margarites helicinus",NA,"Y",NA,NA
"1501","Margarites olivaceus",NA,"Y",NA,NA
"1502","Solariella obscura",NA,"Y","Mollusca","LC"
"1503","Turritella communis",NA,"Y","Mollusca","LC"
"1504","Vampyroteuthis infernalis",NA,"Y",NA,NA
"1505","Velutina plicatilis",NA,"Y","Mollusca","LC"
"1506","Velutina velutina",NA,"Y","Mollusca","LC"
"1507","Chamelea gallina",NA,"Y",NA,NA
"1508","Clausinella fasciata",NA,"Y","Mollusca","LC"
"1509","Dosinia exoleta",NA,"Y","Mollusca","LC"
"1510","Dosinia lupinus",NA,"Y","Mollusca","LC"
"1511","Venus verrucosa",NA,"Y",NA,NA
"1512","Vitreledonella richardi","LC","Y",NA,NA
"1513","Megayoldia thraciaeformis",NA,"Y",NA,NA
"1514","Portlandia arctica",NA,"Y",NA,NA
"1515","Yoldiella frigida",NA,"Y","Mollusca","LC"
"1516","Yoldiella lucida",NA,"Y","Mollusca","LC"
"1517","Yoldiella solidula",NA,"Y",NA,NA
"1518","Yoldiella subaequilatera",NA,"Y",NA,NA
"1519","Chaetoderma productum",NA,"Y",NA,NA
"1520","Cylichna magna",NA,"Y",NA,NA
"1521","Scabrotrophon fabricii",NA,"Y",NA,NA
"1522","Galiteuthis armata","LC","Y",NA,NA
"1523","Rossia palpebrosa","LC","Y",NA,NA
"1524","Illex illecebrosus","LC","Y",NA,NA
"1525","Grimpoteuthis wuelkeri","DD","Y",NA,NA
"1526","Gonatus fabricii","LC","Y","Mollusca","LC"
"1527","Stauroteuthis syrtensis","DD","Y",NA,NA
"1528","Cuthona gymnota",NA,"Y","Mollusca","LC"
"1529","Flabellina verrucosa",NA,"Y","Mollusca","LC"
"1530","Macoma loveni",NA,"Y",NA,NA
"1531","Rossia moelleri","LC","Y",NA,NA
"1532","Tachyrhynchus reticulatus",NA,"Y",NA,NA
"1533","Flabellina gracilis",NA,"Y","Mollusca","LC"
"1534","Flabellina nobilis",NA,"Y","Mollusca","LC"
"1535","Flabellina salmonacea",NA,"Y","Mollusca","LC"
"1536","Astarte castanea",NA,"Y",NA,NA
"1537","Astarte undata",NA,"Y",NA,NA
"1538","Crenella glandula",NA,"Y",NA,NA
"1539","Lucinoma filosa",NA,"Y",NA,NA
"1540","Clinocardium ciliatum",NA,"Y",NA,NA
"1541","Mysella triquetra",NA,"Y",NA,NA
"1542","Nucula delphinodonta",NA,"Y",NA,NA
"1543","Nucula proxima",NA,"Y",NA,NA
"1544","Nuculana tenuisulcata",NA,"Y",NA,NA
"1545","Pitar morrhuanus",NA,"Y",NA,NA
"1546","Solemya grandis",NA,"Y",NA,NA
"1547","Solemya velum",NA,"Y",NA,NA
"1548","Yoldia limatula",NA,"Y",NA,NA
"1549","Yoldia sapotilla",NA,"Y",NA,NA
"1550","Graneledone verrucosa",NA,"Y",NA,NA
"1551","Pyroteuthis margaritifera","LC","Y",NA,NA
"1552","Limneria undata",NA,"Y",NA,NA
"1553","Cylichna gouldii",NA,"Y",NA,NA
"1554","Buccinum sericatum",NA,"Y",NA,NA
"1555","Buccinum finmarkianum",NA,"Y",NA,NA
"1556","Curtitoma violacea",NA,"Y",NA,NA
"1557","Pleurobranchus areolatus",NA,"Y",NA,NA
"1558","Ommastrephes bartramii","LC","Y",NA,NA
"1559","Cranchia scabra","LC","Y",NA,NA
"1560","Tachyrhynchus erosus",NA,"Y",NA,NA
"1561","Arca imbricata",NA,"Y",NA,NA
"1562","Thuridilla picta",NA,"Y",NA,NA
"1563","Lithophaga aristata",NA,"Y",NA,NA
"1564","Ruditapes decussatus",NA,"Y","Mollusca","LC"
"1565","Cyrtodaria kurriana",NA,"Y",NA,NA
"1566","Cryptochiton stelleri",NA,"Y",NA,NA
"1567","Pyrulofusus deformis",NA,"Y",NA,NA
"1568","Chlamys rubida",NA,"Y",NA,NA
"1569","Liocranchia reinhardti","LC","Y",NA,NA
"1570","Cirroteuthis muelleri","LC","Y",NA,NA
"1571","Hyaloteuthis pelagica","LC","Y",NA,NA
"1572","Sandalops melancholicus","DD","Y",NA,NA
"1573","Chlamys hastata",NA,"Y",NA,NA
"1574","Doridoxa ingolfiana",NA,"Y","Mollusca","NE"
"1575","Acanthocardia tuberculata",NA,"Y",NA,NA
"1576","Cyclopecten reticulus",NA,"Y",NA,NA
"1577","Delectopecten vancouverensis",NA,"Y",NA,NA
"1578","Brachidontes exustus",NA,"Y",NA,NA
"1579","Loligo forbesii",NA,"Y",NA,NA
"1580","Nucula crenulata",NA,"Y",NA,NA
"1581","Gregariella coralliophaga",NA,"Y",NA,NA
"1582","Modiolus americanus",NA,"Y",NA,NA
"1583","Musculus lateralis",NA,"Y",NA,NA
"1584","Arca zebra",NA,"Y",NA,NA
"1585","Limatula confusa",NA,"Y",NA,NA
"1586","Limatula hyalina",NA,"Y",NA,NA
"1587","Pododesmus rudis",NA,"Y",NA,NA
"1588","Pitar arestus",NA,"Y",NA,NA
"1589","Astarte esquimalti",NA,"Y",NA,NA
"1590","Haliotis rufescens",NA,"Y",NA,NA
"1591","Lucinoma annulata",NA,"Y",NA,NA
"1592","Modiolus rectus",NA,"Y",NA,NA
"1593","Lyonsia bracteata",NA,"Y",NA,NA
"1594","Xylophaga clenchi",NA,"Y",NA,NA
"1595","Doto pita",NA,"Y",NA,NA
"1596","Ostrea lurida",NA,"Y",NA,NA
"1597","Prochaetoderma californicum",NA,"Y",NA,NA
"1598","Dirona albolineata",NA,"Y",NA,NA
"1599","Tubulanus polymorphus",NA,"Y",NA,NA
"1600","Tetrastemma bicolor",NA,"Y",NA,NA
"1601","Pennatula phosphorea",NA,"Y","Anthozoa","LC"
"1602","Ophiomusium lymani",NA,"Y",NA,NA
"1603","Ophiura albida",NA,"Y",NA,NA
"1604","Ophiura ophiura",NA,"Y",NA,NA
"1605","Amphipholis squamata",NA,"Y",NA,NA
"1606","Amphiura filiformis",NA,"Y",NA,NA
"1607","Ophiopholis aculeata",NA,"Y",NA,NA
"1608","Ophiothrix fragilis",NA,"Y",NA,NA
"1609","Acrocnida brachiata",NA,"Y",NA,NA
"1610","Ophiura sarsi",NA,"Y",NA,NA
"1611","Phoronis hippocrepia",NA,"Y",NA,NA
"1612","Phoronis muelleri",NA,"Y",NA,NA
"1613","Phoronis ovalis",NA,"Y",NA,NA
"1614","Phoronis psammophila",NA,"Y",NA,NA
"1615","Siboglinum ekmani",NA,"Y",NA,NA
"1616","Ampharete petersenae",NA,"Y",NA,NA
"1617","Amphicteis gunneri",NA,"Y","Annelida","LC"
"1618","Arabella iricolor",NA,"Y",NA,NA
"1619","Capitella capitata",NA,"Y",NA,NA
"1620","Heteromastus filiformis",NA,"Y",NA,NA
"1621","Notomastus latericeus",NA,"Y",NA,NA
"1622","Aphelochaeta marioni",NA,"Y",NA,NA
"1623","Cirratulus cirratus",NA,"Y",NA,NA
"1624","Cossura longocirrata",NA,"Y",NA,NA
"1625","Marphysa bellii",NA,"Y","Annelida","LC"
"1626","Pherusa plumosa",NA,"Y","Annelida","LC"
"1627","Glycera capitata",NA,"Y","Annelida","LC"
"1628","Goniada maculata",NA,"Y","Annelida","LC"
"1629","Lumbrineris latreilli",NA,"Y",NA,NA
"1630","Maldane sarsi",NA,"Y",NA,NA
"1631","Aglaophamus malmgreni",NA,"Y","Annelida","LC"
"1632","Hyalinoecia tubicola",NA,"Y","Annelida","LC"
"1633","Nothria conchylega",NA,"Y","Annelida","LC"
"1634","Ophelina acuminata",NA,"Y","Annelida","LC"
"1635","Levinsenia gracilis",NA,"Y",NA,NA
"1636","Pholoe minuta",NA,"Y",NA,NA
"1637","Eulalia viridis",NA,"Y","Annelida","LC"
"1638","Chone duneri",NA,"Y",NA,NA
"1639","Scalibregma inflatum",NA,"Y",NA,NA
"1640","Josephella marenzelleri",NA,"Y",NA,NA
"1641","Serpula vermicularis",NA,"Y","Annelida","LC"
"1642","Dipolydora quadrilobata",NA,"Y",NA,NA
"1643","Laonice cirrata",NA,"Y",NA,NA
"1644","Polydora cornuta",NA,"Y",NA,NA
"1645","Spio filicornis",NA,"Y",NA,NA
"1646","Spiophanes kroyeri",NA,"Y",NA,NA
"1647","Eusyllis blomstrandi",NA,"Y",NA,NA
"1648","Syllis armillaris",NA,"Y",NA,NA
"1649","Loimia medusa",NA,"Y",NA,NA
"1650","Nicolea zostericola",NA,"Y","Annelida","LC"
"1651","Thelepus setosus",NA,"Y",NA,NA
"1652","Terebellides stroemii",NA,"Y",NA,NA
"1653","Trichobranchus glacialis",NA,"Y","Annelida","LC"
"1654","Syllis cornuta",NA,"Y",NA,NA
"1655","Typosyllis hyalina",NA,"Y",NA,NA
"1656","Salvatoria clavata",NA,"Y",NA,NA
"1657","Typosyllis cornuta",NA,"Y",NA,NA
"1658","Pseudexogone dineti",NA,"Y",NA,NA
"1659","Aphroceras ensata",NA,"Y",NA,NA
"1660","Leuconia nivea",NA,"Y",NA,NA
"1661","Leuconia pumila",NA,"Y",NA,NA
"1662","Spongia officinalis",NA,"Y",NA,NA
"1663","Bubaris vermiculata",NA,"Y","Porifera","LC"
"1664","Halichondria panicea",NA,"Y","Porifera","LC"
"1665","Phorbas fictitius",NA,"Y",NA,NA
"1666","Stelletta grubii",NA,"Y","Porifera","DD"
"1667","Pachymatisma johnstonia",NA,"Y",NA,NA
"1668","Dercitus bucklandi",NA,"Y",NA,NA
"1669","Cliona celata",NA,"Y","Porifera","LC"
"1670","Cliona lobata",NA,"Y","Porifera","DD"
"1671","Pseudosuberites montiniger",NA,"Y",NA,NA
"1672","Suberites carnosus",NA,"Y","Porifera","LC"
"1673","Tethya aurantium",NA,"Y",NA,NA
"1674","Amphilectus fucorum",NA,"Y",NA,NA
"1675","Leucetta primigenia",NA,"Y",NA,NA
"1676","Sarcotragus fasciculatus",NA,"Y",NA,NA
"1677","Leucosolenia macleayi",NA,"Y",NA,NA
"1678","Aplysilla sulfurea",NA,"Y",NA,NA
"1679","Haliclona simulans",NA,"Y",NA,NA
"1680","Priapulopsis bicaudatus",NA,"Y",NA,NA
"1681","Priapulus caudatus",NA,"Y",NA,NA
"1682","Fissidentalium candidum",NA,"Y",NA,NA
"1683","Fissidentalium capillosum",NA,"Y",NA,NA
"1684","Bathoxiphus ensiculus",NA,"Y",NA,NA
"1685","Entalina tetragona",NA,"Y","Mollusca","LC"
"1686","Cadulus artatus",NA,"Y",NA,NA
"1687","Cadulus gracilis",NA,"Y",NA,NA
"1688","Cadulus jeffreysi",NA,"Y","Mollusca","NE"
"1689","Cadulus propinquus",NA,"Y","Mollusca","LC"
"1690","Cadulus subfusiformis",NA,"Y",NA,NA
"1691","Siphonodentalium lobatum",NA,"Y","Mollusca","LC"
"1692","Pulsellum affine",NA,"Y","Mollusca","LC"
"1693","Pulsellum lofotense",NA,"Y","Mollusca","LC"
"1694","Antalis entalis",NA,"Y","Mollusca","LC"
"1695","Antalis agilis",NA,"Y","Mollusca","LC"
"1696","Antalis occidentalis",NA,"Y","Mollusca","LC"
"1697","Antalis vulgaris",NA,"Y",NA,NA
"1698","Heteroschismoides subterfissus",NA,"Y",NA,NA
"1699","Pulsellum lobatum",NA,"Y",NA,NA
"1700","Apseudes grossimanus",NA,"Y",NA,NA
"1701","Apseudes spinosus",NA,"Y",NA,NA
"1702","Apseudes talpa",NA,"Y",NA,NA
"1703","Sphyrapus malleolus",NA,"Y",NA,NA
"1704","Araphura brevimanus",NA,"Y",NA,NA
"1705","Agathotanais ingolfi",NA,"Y",NA,NA
"1706","Anarthrura simplex",NA,"Y",NA,NA
"1707","Leptognathia breviremis",NA,"Y",NA,NA
"1708","Leptognathia manca",NA,"Y",NA,NA
"1709","Pseudoparatanais batei",NA,"Y",NA,NA
"1710","Leptochelia savignyi",NA,"Y",NA,NA
"1711","Tanais dulongii",NA,"Y",NA,NA
"1712","Typhlotanais brevicornis",NA,"Y",NA,NA
"1713","Paratyphlotanais microcheles",NA,"Y",NA,NA
"1714","Typhlotanais aequiremis",NA,"Y",NA,NA
"1715","Typhlotanais tenuicornis",NA,"Y",NA,NA
"1716","Typhlotanais pulcher",NA,"Y",NA,NA
"1717","Pseudotanais forcipatus",NA,"Y",NA,NA
